Country,Year,Diabetes (%),Obesity (%),Tobacco Use (%),Hypertension (%),Alcohol Consumption (Liters)_x,Risk_Level,Alcohol Consumption (Liters)_y
Afghanistan,2000,39.42458,4.72023,9.6,32.36166,0.05962,1,0.05962
Afghanistan,2005,40.04629,7.02067,6.5,32.51413,0.57515,1,0.57515
Afghanistan,2007,39.52357,8.199,5.6,32.63288,0.63455,1,0.63455
Afghanistan,2010,37.37054,10.32188,4.4,33.01014,0.26821,1,0.26821
Afghanistan,2015,35.70864,15.02994,3.0,33.84164,0.18746,1,0.18746
Afghanistan,2017,35.93098,17.35092,3.3,34.26716,0.36253,1,0.36253
Afghanistan,2019,36.16185,19.82173,3.7,34.65179,0.34497,1,0.34497
Albania,2000,12.94704,15.60358,11.1,36.99305,4.56933,1,4.56933
Albania,2005,14.45773,17.1131,9.7,37.63778,5.3113,1,5.3113
Albania,2007,16.97168,17.85558,9.3,38.42188,5.68535,1,5.68535
Albania,2010,16.98464,19.13021,8.6,39.76535,5.71836,1,5.71836
Albania,2015,10.01611,21.55399,7.7,41.47783,5.00339,1,5.00339
Albania,2018,6.71845,23.08893,4.6,41.78591,5.01767,1,5.01767
Algeria,2000,16.22597,20.35075,1.8,34.23589,1.93999,1,1.93999
Algeria,2005,15.29719,23.01656,1.3,33.05042,2.8412,1,2.8412
Algeria,2007,14.85835,24.00039,1.2,32.11668,2.32646,1,2.32646
Algeria,2010,14.21364,25.51878,1.0,30.92264,2.4981,1,2.4981
Algeria,2013,13.54668,27.14275,0.8,29.63582,2.85609,1,2.85609
Algeria,2015,13.30695,28.29035,0.8,28.92071,3.18852,1,3.18852
Algeria,2017,12.93277,29.46058,0.4,28.3137,3.31707,1,3.31707
Angola,2010,21.75178,11.62688,19.0,32.75834,7.53867,1,7.53867
Angola,2016,19.76249,13.75264,0.2,31.85605,6.55896,1,6.55896
Antigua and Barbuda,2017,18.1812,37.91638,1.6,31.76185,7.50155,1,7.50155
Argentina,2000,14.51399,18.33679,27.5,33.80288,5.0715,1,5.0715
Argentina,2005,13.51174,21.58234,24.8,33.31005,4.6782,1,4.6782
Argentina,2007,13.7097,22.97348,24.0,33.08238,5.20471,1,5.20471
Argentina,2010,13.17901,25.24148,22.7,33.0114,5.62816,1,5.62816
Argentina,2015,12.53187,29.5872,20.5,33.65808,6.14053,1,6.14053
Argentina,2018,12.23751,32.38871,,34.652,5.77788,1,5.77788
Armenia,2000,20.15526,21.22621,2.6,42.72948,4.21495,1,4.21495
Armenia,2005,18.54317,23.27149,2.3,44.26712,5.27328,1,5.27328
Armenia,2007,17.98006,24.01311,2.2,44.47603,5.29779,1,5.29779
Armenia,2009,18.64804,24.71185,3.0,44.72969,5.36669,1,5.36669
Armenia,2010,17.41215,25.04254,2.1,44.89916,5.40348,1,5.40348
Armenia,2015,15.27565,26.48473,1.9,45.051,5.24086,1,5.24086
Armenia,2016,14.35845,26.7267,0.0,44.862,5.14158,1,5.14158
Armenia,2018,13.35879,27.16423,,44.36628,5.20583,1,5.20583
Australia,2000,9.82338,19.74323,22.0,21.72039,6.68381,0,6.68381
Australia,2005,8.70456,22.5072,18.4,18.95262,6.80248,1,6.80248
Australia,2007,8.24095,23.41909,17.2,18.38683,6.98661,1,6.98661
Australia,2010,7.64299,24.65165,15.6,18.45941,6.91747,1,6.91747
Australia,2015,7.27613,26.52539,13.1,20.01794,6.51706,1,6.51706
Australia,2017,6.88759,27.30923,,20.96898,6.40698,1,6.40698
Australia,2019,6.84083,28.0882,,21.93888,6.34638,1,6.34638
Austria,2000,10.69531,11.46119,42.5,40.16133,8.12713,1,8.12713
Austria,2005,9.1332,12.07825,36.3,35.81947,7.93439,1,7.93439
Austria,2007,8.72652,12.20319,33.9,33.97205,7.93916,1,7.93916
Austria,2010,8.79811,12.26542,30.6,31.9,7.69904,1,7.69904
Austria,2015,8.5817,12.20292,26.0,29.19439,7.60129,1,7.60129
Austria,2019,7.89751,12.19907,,27.23442,7.42346,1,7.42346
Azerbaijan,2000,25.4614,22.53016,0.3,31.83564,5.40314,1,5.40314
Azerbaijan,2005,24.95391,25.48855,0.3,31.75999,6.13221,1,6.13221
Azerbaijan,2007,23.73008,26.61265,0.2,31.96468,6.58313,1,6.58313
Azerbaijan,2010,22.64493,28.19463,0.2,32.73957,5.88085,1,5.88085
Azerbaijan,2011,22.05822,28.68244,0.0,33.03452,5.75567,1,5.75567
Azerbaijan,2015,21.07021,30.36378,0.2,34.07551,4.66891,1,4.66891
Azerbaijan,2016,20.98792,30.71913,1.1,34.19923,4.7445,1,4.7445
Azerbaijan,2018,20.55841,31.36731,,34.378,6.01434,1,6.01434
Bahamas,2000,17.06268,32.0966,4.8,30.14959,4.74096,1,4.74096
Bahamas,2005,17.07643,37.54208,4.0,30.01189,4.59867,1,4.59867
Bahamas,2007,16.66469,39.66634,3.7,29.93878,4.74846,1,4.74846
Bahamas,2010,17.56581,42.83361,3.3,30.07378,4.32618,1,4.32618
Bahamas,2013,16.81298,45.98206,1.6,30.61713,4.35468,1,4.35468
Bahamas,2015,16.48336,48.06227,2.7,31.09365,4.34726,1,4.34726
Bahamas,2019,16.63826,52.12659,0.1,32.19474,4.34897,1,4.34897
Bahrain,2000,30.8092,31.43356,6.6,26.54234,5.94597,1,5.94597
Bahrain,2005,24.28415,34.72033,6.0,25.65271,4.87231,1,4.87231
Bahrain,2007,20.29935,35.78185,5.8,25.07371,4.62709,1,4.62709
Bahrain,2010,17.92326,37.29776,5.6,24.32038,4.49087,1,4.49087
Bahrain,2015,16.76311,39.82345,5.3,22.9855,3.72203,1,3.72203
Bahrain,2016,16.35843,40.33905,,22.86706,3.51857,1,3.51857
Bahrain,2019,15.4298,41.75564,6.0,22.20186,3.11973,1,3.11973
Bangladesh,2000,18.38766,1.13923,4.4,26.58522,0.03188,1,0.03188
Bangladesh,2005,18.73295,1.85266,2.5,25.71168,0.0208,1,0.0208
Bangladesh,2007,18.1656,2.24281,2.1,25.30931,0.03484,1,0.03484
Bangladesh,2010,17.65726,2.96176,1.5,24.94882,0.03236,1,0.03236
Bangladesh,2013,16.45029,3.84622,2.0,25.16848,0.0395,1,0.0395
Bangladesh,2014,16.19985,4.18132,,25.40205,0.04006,1,0.04006
Bangladesh,2015,16.11591,4.53936,0.9,25.70366,0.04039,1,0.04039
Bangladesh,2018,16.2723,5.74476,28.1,26.93522,0.04239,1,0.04239
Barbados,2000,14.91555,29.83261,3.6,31.43183,6.71173,1,6.71173
Barbados,2005,14.59997,34.0308,3.0,30.26573,7.23997,1,7.23997
Barbados,2007,15.14668,35.68828,0.6,29.96327,7.57501,1,7.57501
Barbados,2010,15.46752,38.18191,2.5,29.71751,7.56963,1,7.56963
Barbados,2012,14.7066,39.85362,,29.55993,7.71732,1,7.71732
Barbados,2013,14.3349,40.68624,3.0,29.55075,7.83873,1,7.83873
Barbados,2015,14.68023,42.35326,2.1,29.75436,8.22075,1,8.22075
Belarus,2000,21.68434,22.89295,10.7,50.32546,9.28812,1,9.28812
Belarus,2005,21.28234,23.66238,10.4,48.48165,9.36177,1,9.36177
Belarus,2007,19.04854,23.84594,10.4,47.91795,10.32939,1,10.32939
Belarus,2010,18.36211,23.94119,10.2,47.42262,10.53497,1,10.53497
Belarus,2015,14.41164,23.65264,10.1,46.97428,8.07133,1,8.07133
Belgium,2000,10.66227,14.99124,21.4,26.21393,7.33349,1,7.33349
Belgium,2005,9.8716,16.27172,20.9,22.64706,7.21473,0,7.21473
Belgium,2007,9.56254,16.78247,20.9,21.26161,7.22538,0,7.22538
Belgium,2010,9.71161,17.53002,20.8,20.03262,7.2295,0,7.2295
Belgium,2015,8.78853,18.78062,20.3,18.95141,7.14053,0,7.14053
Belgium,2018,8.32279,19.62998,13.0,18.90371,6.57828,0,6.57828
Belize,2000,20.76004,34.17407,3.1,23.32067,5.03534,1,5.03534
Belize,2005,17.05528,38.81216,2.7,21.60727,6.03517,1,6.03517
Belize,2007,16.66883,40.52072,2.6,22.16381,6.41389,1,6.41389
Belize,2010,15.90288,42.96615,2.4,23.18862,6.1723,1,6.1723
Belize,2014,14.94866,46.06391,1.7,23.92518,6.3182,1,6.3182
Belize,2015,14.26026,46.81826,,24.18721,6.2844,1,6.2844
Benin,2000,22.79683,6.46617,1.6,30.82624,3.8279,1,3.8279
Benin,2005,22.29462,8.83934,1.5,30.78354,3.67895,1,3.67895
Benin,2007,21.97879,9.68501,1.4,30.562,3.71516,1,3.71516
Benin,2010,21.7766,10.72593,1.4,29.84648,7.77098,1,7.77098
Benin,2015,21.49326,12.20888,1.3,28.10195,9.1907,1,9.1907
Benin,2016,21.44458,12.55266,,27.71722,9.02636,1,9.02636
Benin,2018,21.12699,13.29931,1.0,26.93268,9.34027,1,9.34027
Bhutan,2000,22.92449,4.39012,12.4,33.89306,4.38014,1,4.38014
Bhutan,2005,20.36266,6.04634,8.7,34.93673,3.0466,1,3.0466
Bhutan,2007,19.45942,6.82083,7.6,35.33862,1.08619,1,1.08619
Bhutan,2010,18.1637,8.13007,6.2,36.05133,1.10998,1,1.10998
Bhutan,2015,17.72869,10.80918,4.3,36.34589,0.52055,1,0.52055
Bhutan,2019,17.15119,13.43532,8.3,35.98853,0.3177,1,0.3177
Bolivia (Plurinational State of),2000,21.40378,16.83141,28.7,21.31443,2.72688,1,2.72688
Bolivia (Plurinational State of),2005,19.57839,20.21922,18.1,20.50084,3.24916,1,3.24916
Bolivia (Plurinational State of),2007,19.35502,21.63899,15.1,19.95457,3.70981,1,3.70981
Bolivia (Plurinational State of),2010,19.05268,23.90567,11.6,19.14962,3.87465,1,3.87465
Bolivia (Plurinational State of),2015,18.85615,28.03854,7.5,17.99481,3.58825,1,3.58825
Bolivia (Plurinational State of),2018,18.45157,30.66261,2.0,17.73519,3.4123,1,3.4123
Bolivia (Plurinational State of),2019,18.32423,31.55944,,17.66499,3.4123,1,3.4123
Bosnia and Herzegovina,2000,16.96167,16.0982,34.1,45.61665,6.08206,1,6.08206
Bosnia and Herzegovina,2005,16.24328,17.0267,32.7,44.2561,6.62628,1,6.62628
Bosnia and Herzegovina,2007,16.50816,17.4238,32.3,43.69946,6.95764,1,6.95764
Bosnia and Herzegovina,2010,15.16595,18.05189,31.6,42.80582,6.61431,1,6.61431
Bosnia and Herzegovina,2012,14.21157,18.48034,,41.89112,6.6655,1,6.6655
Bosnia and Herzegovina,2015,14.14221,19.12272,30.5,40.74559,6.73574,1,6.73574
Bosnia and Herzegovina,2019,13.6442,19.96514,1.3,38.99585,6.99945,1,6.99945
Botswana,2000,27.44336,15.47991,9.1,37.68817,12.4488,1,12.4488
Botswana,2005,28.68914,18.79599,7.2,38.46635,12.63733,1,12.63733
Botswana,2007,26.88649,19.97394,6.6,38.454,13.18092,1,13.18092
Botswana,2008,27.08293,20.51483,11.4,38.35979,12.43882,1,12.43882
Botswana,2010,24.58056,21.50666,5.8,37.91856,12.11167,1,12.11167
Botswana,2015,25.1979,23.74767,4.6,36.30108,11.25526,1,11.25526
Botswana,2017,24.33453,24.68901,6.3,35.43378,11.63645,1,11.63645
Brazil,2000,17.85546,14.9734,17.9,33.41913,8.33301,1,8.33301
Brazil,2005,15.5312,17.3458,15.2,33.14116,7.39214,1,7.39214
Brazil,2007,15.06523,18.49539,14.3,32.44153,7.30625,1,7.30625
Brazil,2010,14.46023,20.5539,13.1,31.00108,7.48797,1,7.48797
Brazil,2013,13.72545,23.06408,0.2,29.0743,7.47786,1,7.47786
Brazil,2015,13.28308,24.90207,11.3,27.94193,7.23634,1,7.23634
Brazil,2019,12.65531,28.71053,9.6,26.13783,6.66525,1,6.66525
Brunei Darussalam,2000,21.29977,15.74155,4.9,25.02976,0.29216,1,0.29216
Brunei Darussalam,2005,19.06131,19.24625,4.0,26.83963,0.2332,1,0.2332
Brunei Darussalam,2007,19.21229,20.7852,3.7,27.06702,0.55815,1,0.55815
Brunei Darussalam,2010,18.031,23.18635,3.3,27.33194,0.36402,1,0.36402
Brunei Darussalam,2015,16.4555,27.40605,2.8,27.79916,0.5605,1,0.5605
Brunei Darussalam,2016,16.59755,28.2809,2.1,27.91714,0.581,1,0.581
Brunei Darussalam,2019,16.74139,30.9083,0.3,28.32099,0.57131,1,0.57131
Bulgaria,2000,20.18774,13.52012,31.0,44.50935,8.77826,1,8.77826
Bulgaria,2005,18.62217,14.52544,30.7,41.86353,8.27214,1,8.27214
Bulgaria,2007,17.6611,14.96781,30.8,40.90279,8.31894,1,8.31894
Bulgaria,2010,16.97195,15.64545,30.4,39.67341,8.09695,1,8.09695
Bulgaria,2015,16.1292,16.68241,30.2,37.49577,8.45132,1,8.45132
Bulgaria,2019,16.38867,17.37126,27.5,35.82186,8.67861,1,8.67861
Burkina Faso,2000,24.31771,1.89903,6.0,28.86207,14.04065,1,14.04065
Burkina Faso,2005,23.90903,3.01521,4.7,28.881,14.59605,1,14.59605
Burkina Faso,2007,23.68868,3.53818,4.3,28.66765,14.47158,1,14.47158
Burkina Faso,2009,23.20224,4.08214,9.2,28.26577,14.38357,1,14.38357
Burkina Faso,2010,22.97541,4.36032,3.7,27.99504,14.34277,1,14.34277
Burkina Faso,2015,22.67233,5.95516,3.0,26.47688,15.77088,1,15.77088
Burundi,2000,35.47167,1.36052,3.5,30.64376,9.56532,1,9.56532
Burundi,2005,30.55469,1.82625,2.9,31.83969,8.49385,1,8.49385
Burundi,2007,28.4211,2.02925,2.6,32.05383,8.41552,1,8.41552
Burundi,2008,27.46404,2.13202,,32.02721,8.32845,1,8.32845
Burundi,2010,26.41734,2.3399,2.4,31.63014,8.04758,1,8.04758
Burundi,2015,24.25676,2.91881,2.1,29.19781,5.90242,1,5.90242
Burundi,2017,23.46268,3.19437,2.7,27.95824,5.86238,1,5.86238
Cabo Verde,2000,13.70591,9.00824,4.5,38.01645,4.96499,1,4.96499
Cabo Verde,2005,12.87498,12.03253,4.0,39.24652,5.20973,1,5.20973
Cabo Verde,2007,12.78071,13.2171,5.8,39.04621,5.35512,1,5.35512
Cabo Verde,2010,12.54366,14.8772,3.5,37.84097,5.41882,1,5.41882
Cabo Verde,2012,12.78544,15.94164,0.8,36.22871,5.32487,1,5.32487
Cabo Verde,2015,12.8479,17.70752,3.1,33.93986,5.41522,1,5.41522
Cambodia,2000,24.14421,1.20899,6.9,16.58793,2.51682,1,2.51682
Cambodia,2005,22.07878,1.69576,4.8,16.63509,3.657,1,3.657
Cambodia,2007,21.14409,1.95629,4.1,16.93891,4.13059,1,4.13059
Cambodia,2010,19.98747,2.42624,3.4,17.32502,5.39776,1,5.39776
Cambodia,2015,19.18058,3.49884,2.5,16.5508,7.17357,1,7.17357
Cameroon,2000,25.59616,9.1503,1.1,29.71042,10.93262,1,10.93262
Cameroon,2005,26.02329,12.4942,0.8,30.15677,11.30529,1,11.30529
Cameroon,2007,25.38759,13.68699,0.7,30.3764,11.53919,1,11.53919
Cameroon,2010,24.84048,15.15316,0.6,30.54711,11.84029,1,11.84029
Cameroon,2014,24.31148,16.71764,2.3,30.41164,11.19388,1,11.19388
Cameroon,2015,23.69711,17.1181,0.5,30.43013,10.50489,1,10.50489
Cameroon,2018,22.37222,18.42137,0.6,30.43315,10.05044,1,10.05044
Canada,2000,11.26418,19.91959,26.1,18.30749,6.82163,1,6.82163
Canada,2005,10.12288,22.07002,20.6,13.85865,6.99757,1,6.99757
Canada,2007,9.8259,22.71461,18.7,12.41462,7.17888,1,7.17888
Canada,2010,9.04205,23.48616,16.4,11.0708,7.26034,1,7.26034
Canada,2015,8.60237,24.24717,12.9,10.43454,7.06244,1,7.06244
Canada,2019,8.01182,24.60977,0.5,10.6832,7.03861,1,7.03861
Central African Republic,2008,34.19021,6.63111,8.0,36.52392,3.09501,1,3.09501
Chad,2000,22.5453,1.91193,2.9,35.09166,5.91761,1,5.91761
Chad,2005,22.83738,2.79307,2.5,35.70566,6.89456,1,6.89456
Chad,2007,23.25655,3.15063,2.3,35.67487,7.31318,1,7.31318
Chad,2010,23.66307,3.63444,2.1,35.17674,8.1608,1,8.1608
Chad,2015,23.1944,4.41152,,33.4981,9.18844,1,9.18844
Chad,2019,22.6121,5.2564,6.0,32.01061,7.95237,1,7.95237
Chile,2000,11.68766,24.42275,42.5,29.2751,4.86075,1,4.86075
Chile,2005,11.11643,28.44371,37.9,28.03907,5.43087,1,5.43087
Chile,2007,10.89357,30.10452,36.0,27.07917,5.58228,1,5.58228
Chile,2010,10.45276,32.73621,33.7,25.49572,5.60415,1,5.60415
Chile,2015,9.43753,37.48747,30.1,22.89564,5.53487,1,5.53487
Chile,2019,8.25523,41.39036,17.3,21.37888,4.88244,1,4.88244
China,2000,17.78292,2.71448,3.0,20.91279,3.35228,1,3.35228
China,2005,16.92714,3.31524,2.7,22.46973,3.20812,1,3.20812
China,2007,15.25386,3.63982,2.6,23.11083,3.74773,1,3.74773
China,2010,13.82721,4.23151,2.4,23.66758,4.78191,1,4.78191
China,2015,11.66882,5.40801,2.2,22.75085,5.54729,1,5.54729
China,2018,11.30936,6.25124,0.1,21.94058,4.507,1,4.507
China,2019,11.2267,6.56065,,21.68137,4.507,1,4.507
Colombia,2000,14.52515,15.61119,8.1,24.08644,6.44841,1,6.44841
Colombia,2005,12.37288,18.19854,7.0,24.04555,6.29965,1,6.29965
Colombia,2007,11.6743,19.31126,6.7,23.70054,6.41003,1,6.41003
Colombia,2010,10.47341,21.16053,6.1,22.7963,6.09624,1,6.09624
Colombia,2015,9.56616,24.507,5.4,20.46722,5.98166,1,5.98166
Colombia,2017,9.33128,25.78608,3.5,19.55355,5.9478,1,5.9478
Colombia,2019,8.85334,27.03011,,18.63796,5.84478,1,5.84478
Comoros,2000,24.96095,8.68464,12.5,31.35332,7.82207,1,7.82207
Comoros,2005,22.59875,11.72976,8.1,32.25554,20.7025,1,20.7025
Comoros,2007,21.99172,13.06798,6.9,32.45684,12.26691,1,12.26691
Comoros,2010,21.3452,15.13578,5.3,32.26496,9.38254,1,9.38254
Comoros,2011,21.31635,15.83999,17.4,32.00652,8.67085,1,8.67085
Comoros,2012,21.19139,16.55322,,31.67456,9.93746,1,9.93746
Comoros,2015,21.34524,18.78694,3.5,30.42885,9.51821,1,9.51821
Congo,2000,34.64032,7.89686,2.5,33.95527,3.22056,1,3.22056
Congo,2005,30.62489,9.78547,1.9,34.24685,3.36135,1,3.36135
Congo,2007,29.94522,10.38228,1.7,34.20717,3.94547,1,3.94547
Congo,2010,28.76619,11.04683,1.5,34.00339,4.69956,1,4.69956
Congo,2015,25.44595,11.76136,,33.72506,5.46325,1,5.46325
Congo,2019,22.31896,12.29561,6.7,33.34945,6.02427,1,6.02427
Costa Rica,2000,10.86764,20.24818,9.6,28.86967,5.65801,1,5.65801
Costa Rica,2005,9.50076,23.90712,8.1,28.46152,5.55606,1,5.55606
Costa Rica,2007,8.73418,25.40878,7.5,27.70022,5.62463,1,5.62463
Costa Rica,2010,9.23827,27.8092,6.8,25.85341,4.93943,1,4.93943
Costa Rica,2013,8.50461,30.35202,1.6,23.30215,4.27709,1,4.27709
Costa Rica,2015,7.74391,32.03741,0.0,21.59912,4.35246,1,4.35246
Costa Rica,2018,8.03541,34.49029,1.8,19.37926,4.24055,1,4.24055
Croatia,2000,15.38977,15.50128,24.8,45.85772,7.80038,1,7.80038
Croatia,2005,13.19008,17.95718,26.2,44.1838,6.86983,1,6.86983
Croatia,2007,12.81467,19.0532,26.8,43.85118,6.8264,1,6.8264
Croatia,2010,12.41348,20.7429,27.7,43.384,6.79894,1,6.79894
Croatia,2015,11.43804,23.47462,29.0,41.85203,6.22309,1,6.22309
Croatia,2019,10.51811,25.56729,,40.69389,6.13348,1,6.13348
Cuba,2000,15.86053,13.88474,30.5,26.82574,5.33975,1,5.33975
Cuba,2005,14.94024,16.20471,23.9,25.45123,5.59519,1,5.59519
Cuba,2007,14.83049,17.14293,21.7,25.3706,5.45117,1,5.45117
Cuba,2010,14.58839,18.59274,18.8,25.76928,5.3828,1,5.3828
Cuba,2015,13.68828,21.14469,14.7,26.74632,5.65013,1,5.65013
Cuba,2018,13.48365,22.7375,2.6,27.48658,5.76946,1,5.76946
Cuba,2019,13.46613,23.27116,10.5,27.70873,5.76946,1,5.76946
Cyprus,2000,9.54684,18.20163,20.6,28.08402,6.29826,1,6.29826
Cyprus,2005,9.14086,19.04329,21.1,25.17527,7.02848,1,7.02848
Cyprus,2007,8.31558,19.29722,21.2,23.53721,6.93624,0,6.93624
Cyprus,2010,7.23166,19.5737,21.4,21.35499,6.71422,0,6.71422
Cyprus,2015,6.55905,19.82135,21.8,19.39358,6.04004,0,6.04004
Cyprus,2019,5.74392,20.01849,,18.38581,5.8574,1,5.8574
Czechia,2000,15.19448,19.38457,26.6,34.37354,9.49766,1,9.49766
Czechia,2005,13.51564,19.15957,25.8,29.73662,9.26234,1,9.26234
Czechia,2007,12.66259,19.2827,25.7,28.20244,9.26972,1,9.26972
Czechia,2010,11.9708,19.68018,25.1,26.38271,8.77736,1,8.77736
Czechia,2015,10.59931,20.71437,24.3,24.27609,8.621,1,8.621
Czechia,2019,9.8088,21.61097,,23.36015,8.60665,1,8.60665
Côte d'Ivoire,2000,22.89865,6.45391,1.2,31.18621,6.80526,1,6.80526
Côte d'Ivoire,2005,21.98911,8.60614,1.0,31.99361,6.77309,1,6.77309
Côte d'Ivoire,2007,22.90207,9.40313,0.9,32.06538,6.66258,1,6.66258
Côte d'Ivoire,2009,22.77138,10.12531,4.9,31.9537,5.73924,1,5.73924
Côte d'Ivoire,2010,23.21785,10.46205,0.8,31.81923,4.79057,1,4.79057
Côte d'Ivoire,2015,20.90466,12.23424,0.7,30.7836,4.49739,1,4.49739
Côte d'Ivoire,2016,20.38453,12.66355,,30.5569,4.61429,1,4.61429
Côte d'Ivoire,2017,19.87879,13.11914,,30.33106,4.69302,1,4.69302
Democratic People's Republic of Korea,2000,19.86262,4.73099,0.0,21.69257,3.5476,1,3.5476
Democratic People's Republic of Korea,2005,18.70001,5.99137,0.0,21.1242,3.67559,1,3.67559
Democratic People's Republic of Korea,2007,19.30991,6.58678,0.0,21.10951,3.64943,1,3.64943
Democratic People's Republic of Korea,2010,20.31255,7.58216,0.0,21.23729,3.85945,1,3.85945
Democratic People's Republic of Korea,2015,20.34617,9.57431,0.0,20.87962,3.79739,1,3.79739
Democratic People's Republic of Korea,2017,19.29854,10.49389,0.0,20.81711,3.69482,1,3.69482
Democratic Republic of the Congo,2000,24.89692,2.93996,1.7,28.18668,7.66713,1,7.66713
Democratic Republic of the Congo,2005,25.42536,4.03807,1.3,28.53618,5.51129,1,5.51129
Democratic Republic of the Congo,2007,25.0423,4.5143,1.2,28.75654,4.30028,1,4.30028
Democratic Republic of the Congo,2010,24.74689,5.23783,1.0,29.01166,3.47068,1,3.47068
Democratic Republic of the Congo,2015,22.46379,6.54405,0.8,28.91963,2.89274,1,2.89274
Democratic Republic of the Congo,2018,22.20725,7.49694,,28.73668,2.54496,1,2.54496
Denmark,2000,15.81036,9.43034,34.9,36.99046,7.34979,1,7.34979
Denmark,2005,12.74516,10.17769,29.4,36.84045,7.12777,1,7.12777
Denmark,2007,12.33671,10.3835,27.3,36.30996,6.93508,1,6.93508
Denmark,2010,11.4311,10.59993,24.5,35.65243,6.60848,1,6.60848
Denmark,2015,10.06598,10.82633,20.5,34.11047,6.16907,1,6.16907
Denmark,2019,9.00499,11.02207,,32.29085,6.01189,1,6.01189
Djibouti,2012,20.43384,10.66847,,31.35787,4.78586,1,4.78586
Djibouti,2013,20.6505,11.14992,4.0,31.02611,4.70404,1,4.70404
Dominican Republic,2000,12.09321,18.17178,13.1,35.34758,7.40241,1,7.40241
Dominican Republic,2005,13.51372,21.99146,10.7,35.51084,6.67434,1,6.67434
Dominican Republic,2007,14.60146,23.49968,0.3,35.60039,6.83052,1,6.83052
Dominican Republic,2010,14.50623,25.77564,8.8,35.8846,6.53117,1,6.53117
Dominican Republic,2015,17.43318,29.67994,7.4,36.21286,6.25292,1,6.25292
Dominican Republic,2016,17.48885,30.48581,2.3,36.31305,6.28357,1,6.28357
Dominican Republic,2019,16.22097,32.91697,,36.60814,6.33259,1,6.33259
Ecuador,2000,12.36452,18.29964,6.0,18.46322,3.51813,1,3.51813
Ecuador,2005,13.429,21.02005,4.9,17.89725,3.19651,1,3.19651
Ecuador,2007,12.86291,22.16659,4.6,17.49441,3.22148,1,3.22148
Ecuador,2010,12.25643,24.01034,4.1,16.79357,3.45238,1,3.45238
Ecuador,2015,10.90631,27.31844,3.4,15.47677,3.22805,1,3.22805
Ecuador,2016,11.2569,28.00179,1.8,15.28165,2.98443,1,2.98443
Ecuador,2018,10.54463,29.3922,0.0,14.96406,2.76732,1,2.76732
Egypt,2000,22.23697,36.79045,0.8,35.70763,0.8835,1,0.8835
Egypt,2005,24.16174,42.12647,0.7,34.66567,0.993,1,0.993
Egypt,2007,24.00414,43.99363,0.6,33.56652,1.20002,1,1.20002
Egypt,2010,24.92585,46.7539,0.5,32.32138,1.21229,1,1.21229
Egypt,2014,24.19852,50.43509,5.4,30.94211,1.11019,1,1.11019
Egypt,2015,25.37172,51.34531,0.4,30.67845,1.04592,1,1.04592
Egypt,2017,23.06211,53.11476,0.0,30.23669,0.88045,1,0.88045
El Salvador,2000,9.74756,22.37986,3.9,21.85452,4.50243,1,4.50243
El Salvador,2005,9.82157,25.89172,3.2,20.74899,4.46555,1,4.46555
El Salvador,2007,9.88552,27.25285,3.0,20.26373,4.43283,1,4.43283
El Salvador,2010,9.79491,29.3154,2.8,19.56026,4.03522,1,4.03522
El Salvador,2015,8.89418,32.75805,2.3,18.30018,4.22019,1,4.22019
Equatorial Guinea,2008,23.73076,20.97287,,32.66417,6.89284,1,6.89284
Equatorial Guinea,2011,23.86793,22.78582,,31.86552,7.73624,1,7.73624
Eritrea,2006,26.06887,2.56736,,23.14169,5.62701,1,5.62701
Eritrea,2010,25.71891,3.29981,0.1,22.18873,4.37581,1,4.37581
Estonia,2000,17.64941,17.49414,24.4,41.11405,7.33931,1,7.33931
Estonia,2005,14.11068,19.23733,22.8,38.19965,10.14544,1,10.14544
Estonia,2007,13.5824,19.79151,22.2,37.31382,10.44633,1,10.44633
Estonia,2010,12.25393,20.39127,21.2,36.40289,9.42258,1,9.42258
Estonia,2015,10.45248,20.92051,19.6,35.23199,9.76271,1,9.76271
Estonia,2019,8.83945,21.14473,,34.15088,7.51205,1,7.51205
Eswatini,2000,31.07293,23.98182,3.2,38.98632,15.81787,1,15.81787
Eswatini,2005,40.12392,28.92557,2.4,40.75758,14.2876,1,14.2876
Eswatini,2007,40.50164,30.84774,2.1,40.9007,13.99721,1,13.99721
Eswatini,2009,38.84687,32.68851,5.0,40.60381,13.06056,1,13.06056
Eswatini,2010,36.9156,33.5791,1.8,40.27114,12.83083,1,12.83083
Eswatini,2014,30.26668,37.04006,1.8,38.33662,13.16075,1,13.16075
Eswatini,2015,28.01621,37.90337,1.4,37.82911,12.76256,1,12.76256
Ethiopia,2000,27.12201,0.96201,0.8,23.66874,3.51762,1,3.51762
Ethiopia,2003,24.40401,1.21382,,24.10677,3.37471,1,3.37471
Ethiopia,2005,23.04819,1.41512,0.8,24.64409,4.05269,1,4.05269
Ethiopia,2007,21.45773,1.64038,0.8,25.26961,4.43677,1,4.43677
Ethiopia,2010,19.1078,2.02341,0.8,26.04993,4.7544,1,4.7544
Ethiopia,2015,17.29933,2.83909,0.8,26.33884,6.64984,1,6.64984
Ethiopia,2016,17.11563,3.0354,0.8,26.33199,7.14757,1,7.14757
Fiji,2000,37.69447,30.07079,15.3,26.86159,4.45149,1,4.45149
Fiji,2005,35.15002,32.55623,14.8,28.59207,4.7461,1,4.7461
Fiji,2007,36.05048,33.58634,14.5,29.57459,5.12596,1,5.12596
Fiji,2010,35.88943,35.15881,14.2,31.04417,4.90461,1,4.90461
Fiji,2015,34.27721,37.86088,13.7,32.36575,5.05653,1,5.05653
Fiji,2016,34.08881,38.4194,1.5,32.71279,5.02131,1,5.02131
Finland,2000,9.73466,16.48506,21.4,36.87788,6.41739,1,6.41739
Finland,2005,8.44678,17.81878,19.3,33.1425,6.89209,1,6.89209
Finland,2007,8.25902,18.29908,18.5,31.43503,7.0011,1,7.0011
Finland,2010,7.99971,18.95728,17.3,29.79667,6.7372,1,6.7372
Finland,2015,7.27876,19.9713,15.5,28.76472,6.01328,1,6.01328
France,2000,8.67065,12.32698,26.6,28.64713,8.71958,1,8.71958
France,2005,8.16723,12.55082,26.8,25.14027,8.22786,1,8.22786
France,2007,7.79251,12.46557,26.9,23.80634,8.11289,0,8.11289
France,2010,7.76929,12.11772,26.8,22.3581,7.90442,0,7.90442
France,2015,7.46475,11.12864,27.0,21.00126,7.60528,0,7.60528
Gabon,2012,18.47573,23.26142,,31.38535,7.74232,1,7.74232
Gabon,2014,19.34634,24.7864,2.9,30.62912,7.85521,1,7.85521
Gambia,2000,19.65788,5.81883,1.0,33.02533,6.69005,1,6.69005
Gambia,2005,20.49803,8.78256,0.8,33.99664,6.88105,1,6.88105
Gambia,2007,20.61607,10.02004,0.8,34.16056,6.53237,1,6.53237
Gambia,2010,20.23056,11.78425,1.4,33.97603,6.0376,1,6.0376
Gambia,2015,20.48015,14.70713,0.6,32.90399,4.2354,1,4.2354
Gambia,2017,20.22924,16.07517,0.9,32.3681,2.96448,1,2.96448
Gambia,2018,20.12164,16.80371,0.4,32.07751,2.4862,1,2.4862
Georgia,2000,21.3041,21.78213,5.2,41.03628,10.39663,1,10.39663
Georgia,2005,19.20526,25.12046,5.6,40.32053,11.64636,1,11.64636
Georgia,2007,17.27324,26.45799,5.8,40.01583,13.17141,1,13.17141
Georgia,2010,18.10855,28.42384,6.0,39.94185,13.18804,1,13.18804
Georgia,2015,16.50042,31.42986,6.5,39.8574,12.29809,1,12.29809
Georgia,2019,15.24941,33.47577,0.0,38.65508,12.49816,1,12.49816
Germany,2000,11.17762,17.10895,28.7,32.50435,8.60649,1,8.60649
Germany,2005,9.93543,18.31713,25.2,25.99003,8.17235,1,8.17235
Germany,2007,9.61754,18.61788,23.8,23.52897,8.0319,0,8.0319
Germany,2010,9.34112,18.84131,22.2,20.95654,7.79642,0,7.79642
Germany,2015,9.2021,18.74897,19.5,18.49961,7.57112,0,7.57112
Germany,2019,9.0062,18.55325,,17.09579,7.56952,0,7.56952
Ghana,2000,23.37969,9.52245,0.6,32.10999,6.38697,1,6.38697
Ghana,2005,23.49148,12.62971,0.5,32.92436,6.09712,1,6.09712
Ghana,2007,23.60827,13.73103,0.5,32.77481,5.82938,1,5.82938
Ghana,2010,23.56699,15.10873,0.4,31.75443,6.26663,1,6.26663
Ghana,2014,22.4076,16.63551,0.3,29.22125,5.86356,1,5.86356
Ghana,2015,22.02158,17.0382,0.3,28.56146,5.78409,1,5.78409
Ghana,2017,21.45004,17.89912,3.7,27.14574,5.42235,1,5.42235
Ghana,2018,21.01334,18.3554,0.2,26.41396,5.39023,1,5.39023
Greece,2000,9.60177,21.77233,41.1,30.79217,5.88575,1,5.88575
Greece,2005,8.72073,23.35281,37.1,27.11962,6.13199,1,6.13199
Greece,2007,8.95826,23.91389,35.6,25.60755,6.11238,1,6.11238
Greece,2010,8.76342,24.62897,33.4,23.63468,5.82573,1,5.82573
Greece,2015,8.10707,25.53301,30.1,21.05653,5.15803,1,5.15803
Greece,2019,7.97049,26.18143,,20.1016,4.94407,1,4.94407
Grenada,2011,21.3938,33.35702,0.3,36.76356,6.97645,1,6.97645
Grenada,2016,20.24879,37.25591,1.6,35.90966,7.11402,1,7.11402
Guatemala,2000,15.04827,15.94838,3.2,24.12731,3.57896,1,3.57896
Guatemala,2005,15.55919,19.42419,2.7,24.20208,3.3898,1,3.3898
Guatemala,2007,15.82306,20.78149,2.6,24.17695,3.32512,1,3.32512
Guatemala,2010,16.64397,22.86796,2.3,24.05368,3.06186,1,3.06186
Guatemala,2015,17.09549,26.4353,,23.32922,2.48523,1,2.48523
Guinea,2008,24.98538,6.21367,,39.82312,1.24928,1,1.24928
Guinea,2018,25.20206,10.36182,0.9,36.62564,2.0027,1,2.0027
Guinea-Bissau,2000,26.60802,5.41662,1.0,34.43729,7.74739,1,7.74739
Guinea-Bissau,2005,25.15466,7.47427,0.8,35.04968,8.13302,1,8.13302
Guinea-Bissau,2007,25.44377,8.28443,0.8,35.00131,7.90493,1,7.90493
Guinea-Bissau,2008,25.62657,8.67234,,34.88207,7.58731,1,7.58731
Guinea-Bissau,2010,25.58284,9.40624,0.7,34.40662,7.34881,1,7.34881
Guinea-Bissau,2015,24.02322,11.2763,0.6,32.46015,7.43229,1,7.43229
Guinea-Bissau,2019,22.98446,13.17436,,30.96269,7.60045,1,7.60045
Guyana,2000,32.64827,20.55306,5.2,28.16826,5.92401,1,5.92401
Guyana,2005,31.3196,24.29099,4.2,28.53365,6.24872,1,6.24872
Guyana,2007,31.03996,25.79425,3.9,28.64754,6.07013,1,6.07013
Guyana,2010,30.83802,28.11444,3.4,29.12594,6.19391,1,6.19391
Guyana,2015,28.17327,32.20195,2.8,30.80362,6.19735,1,6.19735
Guyana,2016,27.68131,33.0492,3.3,31.21673,6.01695,1,6.01695
Haiti,2000,37.17951,7.48651,5.0,35.11313,4.6848,1,4.6848
Haiti,2005,37.09543,9.1488,4.2,36.15516,4.56555,1,4.56555
Haiti,2007,36.78138,9.77325,3.9,36.72471,4.52478,1,4.52478
Haiti,2010,35.93279,10.70006,3.5,37.71941,3.67123,1,3.67123
Haiti,2015,34.409,12.27493,2.9,39.4734,3.73074,1,3.73074
Haiti,2017,33.15746,12.93809,3.1,40.44952,3.97876,1,3.97876
Honduras,2000,18.43635,17.70282,3.4,23.53464,4.34094,1,4.34094
Honduras,2005,18.90142,21.79337,2.9,22.56925,4.63613,1,4.63613
Honduras,2007,18.76064,23.44072,2.7,22.04952,4.59073,1,4.59073
Honduras,2010,18.48938,25.98306,2.4,21.2181,4.28545,1,4.28545
Honduras,2015,20.49106,30.29791,2.1,19.63285,3.91303,1,3.91303
Honduras,2016,19.90035,31.13236,1.9,19.38491,4.00018,1,4.00018
Honduras,2019,19.42576,33.56302,1.8,18.79233,4.23454,1,4.23454
Hungary,2000,19.7951,17.93016,29.1,44.22897,8.63925,1,8.63925
Hungary,2005,17.7497,20.33867,27.8,41.26267,8.6817,1,8.6817
Hungary,2007,17.3723,21.31753,27.4,39.92244,8.31562,1,8.31562
Hungary,2010,16.38944,22.76199,26.7,38.42077,7.59253,1,7.59253
Hungary,2015,16.4764,24.99471,25.6,36.50607,7.40355,1,7.40355
Hungary,2019,15.16795,26.65358,,35.26037,7.29951,1,7.29951
Iceland,2000,11.10872,14.42893,30.3,23.28901,4.6524,1,4.6524
Iceland,2005,9.56732,16.22534,23.3,19.80384,4.92827,0,4.92827
Iceland,2007,8.77697,16.78159,20.9,18.09631,5.02421,0,5.02421
Iceland,2010,8.14934,17.44595,17.8,16.19313,4.88207,0,4.88207
Iceland,2015,7.9072,18.25137,13.7,14.4804,5.04554,0,5.04554
India,2000,21.31677,2.54352,8.2,27.68397,3.79349,1,3.79349
India,2005,18.9107,3.6105,5.1,27.99365,4.44373,1,4.44373
India,2007,19.25686,4.09383,4.3,27.72714,5.24828,1,5.24828
India,2010,19.14141,4.89362,3.3,27.20998,7.31626,1,7.31626
India,2015,19.7728,6.4864,2.1,25.68497,7.6494,1,7.6494
India,2017,19.29815,7.26,12.8,24.92021,7.52993,1,7.52993
India,2019,18.9743,8.08099,3.4,24.12322,7.57229,1,7.57229
Indonesia,2000,24.4676,4.01405,5.2,29.63649,0.42127,1,0.42127
Indonesia,2005,24.05075,5.50002,4.2,31.13159,0.40365,1,0.40365
Indonesia,2007,23.7835,6.28623,3.9,31.96084,0.43228,1,0.43228
Indonesia,2010,23.20976,7.6886,3.5,33.44896,0.49151,1,0.49151
Indonesia,2015,22.08831,10.69637,2.8,37.23209,0.51107,1,0.51107
Indonesia,2019,21.08994,13.65411,0.7,41.40038,0.49918,1,0.49918
Iran (Islamic Republic of),2000,16.91164,20.97677,4.3,30.2166,0.72578,1,0.72578
Iran (Islamic Republic of),2005,14.43807,23.65,3.1,28.31748,2.68071,1,2.68071
Iran (Islamic Republic of),2007,13.3708,24.4949,2.7,26.95657,4.32576,1,4.32576
Iran (Islamic Republic of),2010,12.2662,25.63488,2.3,24.57282,26.58483,1,26.58483
Iran (Islamic Republic of),2015,12.39811,27.73019,1.7,19.26094,11.04961,1,11.04961
Iran (Islamic Republic of),2016,12.33294,28.23051,3.8,18.24371,20.24253,1,20.24253
Iraq,2000,25.19169,32.03769,6.2,39.72245,1.23736,1,1.23736
Iraq,2005,23.472,35.87266,4.5,38.52372,0.95253,1,0.95253
Iraq,2007,23.01426,37.29404,3.9,38.00643,1.18122,1,1.18122
Iraq,2010,22.45017,39.46137,3.2,37.76588,1.54042,1,1.54042
Iraq,2015,20.74368,43.20051,0.0,37.30915,1.49908,1,1.49908
Iraq,2018,19.98317,45.39722,1.5,37.12421,1.55167,1,1.55167
Iraq,2019,19.98732,46.08904,2.1,37.0088,1.55167,1,1.55167
Ireland,2000,13.55693,18.62153,35.3,28.7766,9.26953,1,9.26953
Ireland,2005,11.0521,21.15429,29.7,25.36766,8.62944,1,8.62944
Ireland,2007,10.06145,22.01899,27.9,24.14466,8.41919,1,8.41919
Ireland,2010,9.12543,23.17065,25.1,22.6739,7.54866,1,7.54866
Ireland,2015,8.65822,24.80756,20.7,21.49466,7.17565,1,7.17565
Ireland,2019,8.10198,26.12572,,21.26581,7.09073,1,7.09073
Israel,2000,11.45651,20.89923,22.7,27.11047,2.58239,1,2.58239
Israel,2005,9.58265,22.2369,20.0,23.59464,2.52246,1,2.52246
Israel,2007,8.97844,22.51586,19.1,22.35498,2.57867,1,2.57867
Israel,2010,8.22603,22.64111,17.8,20.99388,2.73698,1,2.73698
Israel,2014,7.54317,22.4209,5.0,19.83591,2.60282,1,2.60282
Israel,2015,7.4411,22.33906,15.8,19.72857,2.52712,1,2.52712
Italy,2000,9.28457,13.66531,18.0,39.68504,6.50313,1,6.50313
Italy,2005,8.31474,14.19187,17.9,34.77044,5.54746,1,5.54746
Italy,2007,8.0311,14.47429,17.8,32.63798,5.08082,1,5.08082
Italy,2010,7.56161,14.94215,17.7,29.90904,4.89535,1,4.89535
Italy,2015,7.30254,15.71511,17.4,26.98712,5.16081,1,5.16081
Italy,2019,6.78443,16.42944,,25.71315,5.28963,1,5.28963
Jamaica,2000,18.0592,26.24885,8.6,32.91901,3.83156,1,3.83156
Jamaica,2005,14.38847,31.64333,6.9,33.31757,3.58886,1,3.58886
Jamaica,2007,14.79649,33.71936,6.4,33.78296,3.45746,1,3.45746
Jamaica,2010,15.45415,36.75653,5.6,34.64021,3.47149,1,3.47149
Jamaica,2015,17.42789,41.62823,4.6,35.77639,3.72997,1,3.72997
Jamaica,2017,17.14025,43.52638,5.0,36.4351,3.84133,1,3.84133
Japan,2000,7.49887,2.54232,13.1,30.65776,5.45752,1,5.45752
Japan,2005,6.86488,2.69863,11.5,27.72961,5.291,1,5.291
Japan,2007,6.50545,2.76097,11.0,26.55555,5.06458,1,5.06458
Japan,2010,6.29657,2.86825,10.1,24.88615,4.89239,0,4.89239
Japan,2015,5.79772,3.08535,9.0,22.38656,4.8661,0,4.8661
Japan,2017,5.79999,3.19451,,21.61268,4.8741,0,4.8741
Japan,2019,5.66297,3.31496,7.6,20.88303,4.84926,0,4.84926
Jordan,2000,24.50237,38.97697,9.7,27.08456,2.9823,1,2.9823
Jordan,2005,23.07216,41.29711,10.4,24.55341,2.9727,1,2.9727
Jordan,2007,19.77899,41.90545,10.7,23.42349,3.10215,1,3.10215
Jordan,2010,15.37327,42.67834,11.2,22.22717,2.82816,1,2.82816
Jordan,2014,13.57358,43.44569,1.1,21.00465,2.2471,1,2.2471
Jordan,2015,13.35779,43.60828,12.0,20.81212,2.12816,1,2.12816
Jordan,2019,13.57454,44.06954,17.4,20.1997,1.75135,1,1.75135
Kazakhstan,2000,29.70511,18.66212,9.7,35.08733,11.70388,1,11.70388
Kazakhstan,2005,26.35365,19.04396,8.8,33.73617,12.8074,1,12.8074
Kazakhstan,2007,24.32999,19.08067,8.5,33.01557,10.41269,1,10.41269
Kazakhstan,2010,21.95714,19.04818,8.0,32.22115,8.70613,1,8.70613
Kazakhstan,2015,17.48966,18.80894,7.3,31.22966,8.33725,1,8.33725
Kazakhstan,2018,15.81884,18.50778,,29.37326,8.72343,1,8.72343
Kazakhstan,2019,15.28502,18.38895,0.1,28.68587,8.72343,1,8.72343
Kenya,2000,20.06652,6.06994,2.2,29.93587,3.86859,1,3.86859
Kenya,2005,20.27887,8.40707,1.6,30.76471,3.85313,1,3.85313
Kenya,2007,20.75621,9.43405,1.4,30.92741,4.08032,1,4.08032
Kenya,2010,20.63172,11.03663,1.2,30.71397,4.33971,1,4.33971
Kenya,2013,20.3616,12.72589,3.3,29.87293,4.7027,1,4.7027
Kenya,2015,19.87901,13.92227,3.3,29.15036,4.67289,1,4.67289
Kiribati,2000,47.75718,44.44054,50.5,22.10795,2.81109,1,2.81109
Kiribati,2005,46.48583,47.539,42.9,24.13061,2.21844,1,2.21844
Kiribati,2007,46.19197,48.56798,40.1,25.62037,2.03723,1,2.03723
Kiribati,2010,45.74955,50.03381,36.4,28.59969,1.33336,1,1.33336
Kiribati,2015,44.63457,52.38157,31.3,34.19858,1.42966,1,1.42966
Kiribati,2016,44.38888,52.85222,1.4,35.4571,1.50836,1,1.50836
Kiribati,2018,43.85845,53.78668,35.3,37.96454,1.5021,1,1.5021
Kiribati,2019,43.67183,54.24799,20.4,39.21489,1.5021,1,1.5021
Kuwait,2000,15.30979,45.03712,5.2,24.99337,,1,
Kuwait,2005,13.47152,47.00424,4.2,23.8523,,1,
Kuwait,2007,13.4764,47.31312,3.9,22.34822,,1,
Kuwait,2010,11.52953,47.56968,3.5,20.37704,,1,
Kuwait,2014,8.77283,47.85491,0.0,18.83187,,1,
Kuwait,2015,8.19398,47.93841,2.8,18.61324,,1,
Kuwait,2016,8.05278,48.02791,2.3,18.49653,,1,
Kyrgyzstan,2000,25.58796,14.33203,5.1,35.06034,12.27943,1,12.27943
Kyrgyzstan,2005,24.47584,17.53498,4.5,34.14688,14.91622,1,14.91622
Kyrgyzstan,2007,23.38464,18.90361,4.3,34.29989,15.33307,1,15.33307
Kyrgyzstan,2010,20.30782,20.99326,4.1,35.2313,15.19579,1,15.19579
Kyrgyzstan,2013,18.99175,23.04566,0.1,36.2029,15.30351,1,15.30351
Kyrgyzstan,2015,17.73171,24.33751,3.7,36.52688,14.49007,1,14.49007
Kyrgyzstan,2019,15.01775,26.69525,0.6,36.41657,12.41608,1,12.41608
Lao People's Democratic Republic,2000,28.666,3.21665,17.8,23.97088,8.13397,1,8.13397
Lao People's Democratic Republic,2005,26.99315,4.14817,12.8,24.22627,7.91535,1,7.91535
Lao People's Democratic Republic,2007,26.06208,4.61028,11.2,24.21395,8.75755,1,8.75755
Lao People's Democratic Republic,2010,24.61623,5.4126,9.2,24.18599,9.60304,1,9.60304
Lao People's Democratic Republic,2015,23.14014,7.09699,8.6,24.20403,9.95918,1,9.95918
Lao People's Democratic Republic,2016,22.98672,7.48621,2.8,24.27547,10.00013,1,10.00013
Lao People's Democratic Republic,2017,22.85951,7.89061,,24.38668,9.91906,1,9.91906
Latvia,2000,17.9185,19.50497,23.0,46.31661,6.47574,1,6.47574
Latvia,2005,17.29768,20.77263,21.3,43.73135,7.66588,1,7.66588
Latvia,2007,17.7224,21.21414,20.5,42.85998,8.28359,1,8.28359
Latvia,2010,16.56537,21.76011,19.7,41.84269,7.65756,1,7.65756
Latvia,2015,13.91915,22.39906,17.9,40.25415,7.89796,1,7.89796
Latvia,2019,13.51348,22.75033,3.7,38.68537,8.71153,1,8.71153
Lebanon,2000,17.44506,21.55071,30.3,28.84137,7.32858,1,7.32858
Lebanon,2005,16.51159,24.02346,28.7,28.00693,6.32777,1,6.32777
Lebanon,2007,16.28007,24.84166,28.4,26.90731,5.89341,1,5.89341
Lebanon,2010,15.74786,26.00599,27.7,25.55215,5.68444,1,5.68444
Lebanon,2015,15.53094,27.93817,26.7,23.45388,4.8568,1,4.8568
Lebanon,2017,15.42756,28.72051,29.0,23.03458,4.88697,1,4.88697
Lesotho,2000,24.43156,18.10825,0.7,38.02309,8.66496,1,8.66496
Lesotho,2005,30.18005,21.26842,0.6,39.09329,8.48512,1,8.48512
Lesotho,2007,33.45994,22.54928,0.6,39.24428,8.54585,1,8.54585
Lesotho,2008,36.62042,23.18557,13.6,39.28022,8.63979,1,8.63979
Lesotho,2010,36.754,24.44719,0.5,39.17999,7.85419,1,7.85419
Lesotho,2014,42.92785,27.02128,7.5,37.55058,7.37011,1,7.37011
Lesotho,2015,42.75567,27.69346,0.5,37.28116,7.38873,1,7.38873
Lesotho,2018,37.75525,29.78195,0.7,35.95046,9.13759,1,9.13759
Liberia,2000,21.51228,6.68496,4.2,36.21295,5.42211,1,5.42211
Liberia,2005,20.70589,9.50703,3.1,37.09542,5.19119,1,5.19119
Liberia,2007,21.85595,10.69698,2.8,37.23609,5.02164,1,5.02164
Liberia,2008,21.90517,11.28872,6.6,37.23414,4.92248,1,4.92248
Liberia,2010,21.82341,12.44224,2.3,37.05107,4.71477,1,4.71477
Liberia,2011,22.12827,13.00159,3.1,36.83719,4.58593,1,4.58593
Liberia,2013,21.30544,14.12463,,36.3412,4.39416,1,4.39416
Liberia,2015,20.15031,15.36579,1.8,35.89086,4.42625,1,4.42625
Liberia,2017,19.84491,16.77059,,35.4018,4.47522,1,4.47522
Libya,2009,18.28229,39.66946,0.1,31.62379,0.24264,1,0.24264
Libya,2010,17.32087,40.18566,2.3,31.27922,0.20382,1,0.20382
Lithuania,2000,15.48363,22.47928,17.9,49.81545,8.01129,1,8.01129
Lithuania,2005,15.37095,22.6403,17.3,47.7428,9.21727,1,9.21727
Lithuania,2007,15.61126,22.75594,16.8,47.05729,9.72993,1,9.72993
Lithuania,2010,14.15527,22.90103,16.5,46.26235,9.4761,1,9.4761
Lithuania,2015,13.21971,23.03804,15.7,45.09689,9.38063,1,9.38063
Lithuania,2019,11.73376,23.07492,,43.92123,7.88753,1,7.88753
Luxembourg,2000,10.90189,15.30348,23.3,33.66893,8.19458,1,8.19458
Luxembourg,2005,9.67186,16.24694,22.6,30.90957,7.63429,1,7.63429
Luxembourg,2007,9.43166,16.46487,22.4,29.11796,7.45645,1,7.45645
Luxembourg,2010,9.10839,16.61653,21.8,26.28659,7.22137,1,7.22137
Luxembourg,2015,7.4498,16.56799,21.3,21.32893,6.92241,0,6.92241
Luxembourg,2018,7.35558,16.52546,,18.90758,6.79617,0,6.79617
Madagascar,2000,27.76122,1.14041,2.6,35.0374,2.41273,1,2.41273
Madagascar,2005,27.61438,1.58243,2.2,36.51591,1.61446,1,1.61446
Madagascar,2007,27.03511,1.78997,2.0,36.88733,1.53607,1,1.53607
Madagascar,2010,26.82096,2.1311,1.8,36.88419,1.83438,1,1.83438
Madagascar,2015,25.96999,2.81287,1.5,35.40395,1.74901,1,1.74901
Madagascar,2018,25.6755,3.30708,2.0,33.9549,1.7609,1,1.7609
Malawi,2000,28.56412,3.07664,5.9,32.31323,5.72418,1,5.72418
Malawi,2005,24.56664,4.42112,4.0,32.80252,5.8543,1,5.8543
Malawi,2007,24.8577,5.05679,3.4,32.47379,6.43047,1,6.43047
Malawi,2009,24.5365,5.73795,7.4,31.73501,6.24801,1,6.24801
Malawi,2010,24.32891,6.09587,2.5,31.18889,6.38164,1,6.38164
Malawi,2015,20.92679,8.11662,1.6,27.13906,6.07361,1,6.07361
Malawi,2017,20.72651,9.05795,2.1,25.14305,5.72398,1,5.72398
Malaysia,2000,19.59725,11.88344,3.1,32.08775,1.83013,1,1.83013
Malaysia,2005,17.02886,14.94707,2.0,34.22779,1.75101,1,1.75101
Malaysia,2007,16.17793,16.23239,1.7,34.41262,1.64279,1,1.64279
Malaysia,2010,15.31494,18.16793,1.3,34.4367,1.79537,1,1.79537
Malaysia,2015,14.14483,21.55864,0.9,33.07349,1.88231,1,1.88231
Malaysia,2017,14.48283,23.00711,4.3,32.57412,2.06706,1,2.06706
Malaysia,2019,14.88907,24.49426,,32.1278,2.11363,1,2.11363
Maldives,2000,24.64516,9.34709,13.3,25.04846,17.48685,1,17.48685
Maldives,2005,18.25898,11.70565,9.8,25.5674,14.25258,1,14.25258
Maldives,2007,16.1667,12.79851,8.7,25.84263,15.21798,1,15.21798
Maldives,2010,14.00718,14.59783,7.2,26.04309,14.03091,1,14.03091
Maldives,2015,9.9407,18.06941,5.4,25.54516,10.31958,1,10.31958
Maldives,2019,9.26915,21.15246,43.2,25.25576,9.99206,1,9.99206
Mali,2000,28.24543,3.97034,1.7,32.96566,3.72509,1,3.72509
Mali,2005,26.50209,5.99286,1.3,32.44563,3.50669,1,3.50669
Mali,2007,26.18661,6.80166,1.2,32.13529,3.54142,1,3.54142
Mali,2008,26.11986,7.18215,,31.93824,3.55246,1,3.55246
Mali,2010,25.76223,7.88837,1.0,31.44064,10.7861,1,10.7861
Mali,2015,25.41366,9.62413,0.8,30.02415,14.08934,1,14.08934
Mali,2018,24.52349,10.90719,0.2,29.24838,13.63146,1,13.63146
Malta,2000,11.94693,26.78065,22.9,28.39735,4.0196,1,4.0196
Malta,2005,10.17394,27.63355,22.1,25.0841,4.61525,1,4.61525
Malta,2007,9.86368,27.89069,21.6,23.43984,5.00137,1,5.00137
Malta,2010,8.75153,28.15404,21.3,21.30951,4.64958,1,4.64958
Malta,2015,8.07274,28.34725,20.7,18.37351,4.98697,1,4.98697
Malta,2019,8.17539,28.50938,,16.86682,5.30749,1,5.30749
Mauritania,2000,21.26993,14.78226,2.9,34.11504,,1,
Mauritania,2005,19.68566,19.43432,2.5,34.62353,,1,
Mauritania,2007,19.58562,21.2279,2.3,34.58303,,1,
Mauritania,2010,18.82349,23.72072,2.1,34.15205,,1,
Mauritania,2015,18.01569,27.85913,1.8,32.6955,,1,
Mauritania,2018,17.99503,30.77342,6.8,31.77092,,1,
Mauritius,2000,22.67086,17.55246,4.9,27.89724,8.77624,1,8.77624
Mauritius,2005,22.2022,19.66891,4.3,29.96215,8.54319,1,8.54319
Mauritius,2007,21.08646,20.37756,4.1,30.21571,8.30772,1,8.30772
Mauritius,2010,18.8523,21.28942,3.8,29.58081,8.32291,1,8.32291
Mauritius,2015,17.96788,22.73469,3.3,26.18585,8.01591,1,8.01591
Mauritius,2016,17.77119,23.06358,2.4,25.20593,7.99612,1,7.99612
Mauritius,2017,17.73337,23.40629,,24.21596,8.06232,1,8.06232
Mexico,2000,15.97694,25.5804,12.0,26.5271,7.29666,1,7.29666
Mexico,2005,15.71241,28.84982,10.6,25.7534,7.24831,1,7.24831
Mexico,2007,14.82744,30.10186,10.1,25.30752,6.73017,1,6.73017
Mexico,2010,14.46886,32.10851,9.3,24.53116,6.29042,1,6.29042
Mexico,2011,13.88745,32.82559,3.9,24.13752,6.09311,1,6.09311
Mexico,2015,13.85775,35.65961,8.2,22.24641,6.11604,1,6.11604
Micronesia (Federated States of),2012,38.87745,51.30966,,25.13676,4.63173,1,4.63173
Micronesia (Federated States of),2019,39.93985,54.45077,12.7,27.82493,3.73508,1,3.73508
Mongolia,2000,40.0852,13.78171,7.4,30.96149,3.40111,1,3.40111
Mongolia,2005,34.99211,16.49533,7.1,30.27393,4.8081,1,4.8081
Mongolia,2007,33.29358,17.67725,7.1,29.91675,7.75591,1,7.75591
Mongolia,2010,32.32994,19.50122,7.0,29.44123,7.24314,1,7.24314
Mongolia,2015,26.07491,22.44123,6.9,27.85835,8.39469,1,8.39469
Mongolia,2019,25.69048,24.52243,0.8,25.39388,7.14609,1,7.14609
Montenegro,2010,17.85856,13.96998,34.7,37.20031,4.36238,1,4.36238
Montenegro,2015,16.66005,14.62946,33.9,34.9299,3.96058,1,3.96058
Montenegro,2019,15.97095,15.0667,,33.53033,4.30631,1,4.30631
Morocco,2000,24.40018,15.6822,3.1,34.56239,3.12055,1,3.12055
Morocco,2005,24.36239,18.36814,2.3,33.69324,3.1598,1,3.1598
Morocco,2007,24.54478,19.49132,2.1,33.04929,3.22783,1,3.22783
Morocco,2010,24.00161,21.3336,1.8,32.3179,3.1787,1,3.1787
Morocco,2015,22.946,24.87767,1.4,31.23946,2.53015,1,2.53015
Morocco,2016,22.73906,25.64764,2.4,31.01917,2.50836,1,2.50836
Morocco,2018,22.43948,27.16236,1.2,30.72612,2.96618,1,2.96618
Mozambique,2005,22.34388,5.71402,7.9,37.2378,2.37899,1,2.37899
Mozambique,2011,24.78195,7.9471,,37.71411,3.01878,1,3.01878
Mozambique,2013,25.165,8.81007,6.5,37.29401,3.34528,1,3.34528
Mozambique,2015,24.17349,9.75744,,36.74559,3.8037,1,3.8037
Myanmar,2000,30.08363,4.56839,18.9,27.77815,0.55485,1,0.55485
Myanmar,2005,28.58216,5.50297,12.4,28.98881,1.02633,1,1.02633
Myanmar,2007,27.37075,5.89567,10.5,29.45542,1.16694,1,1.16694
Myanmar,2010,24.60108,6.49423,8.2,30.25292,1.5326,1,1.5326
Myanmar,2015,21.8295,7.57065,5.4,31.85008,2.16301,1,2.16301
Myanmar,2016,21.50745,7.80428,18.2,32.18199,2.33234,1,2.33234
Namibia,2000,26.09439,14.26529,11.3,36.60297,9.61942,1,9.61942
Namibia,2005,23.04425,17.03838,8.7,37.5794,9.26822,1,9.26822
Namibia,2007,21.81957,17.93582,2.3,37.5817,9.23031,1,9.23031
Namibia,2008,19.83632,18.32822,15.8,37.4894,9.49072,1,9.49072
Namibia,2010,19.1811,19.01208,6.9,37.05292,9.93123,1,9.93123
Namibia,2013,17.76606,19.8913,,35.64379,10.50844,1,10.50844
Namibia,2015,19.93731,20.48533,5.5,34.58599,10.91292,1,10.91292
Nepal,2000,19.23258,1.30876,33.3,30.24217,0.39866,1,0.39866
Nepal,2005,18.40227,2.14528,21.2,30.50512,0.62417,1,0.62417
Nepal,2007,18.64905,2.59107,17.6,30.53275,0.60297,1,0.60297
Nepal,2010,19.23766,3.41876,13.4,30.66659,1.83868,1,1.83868
Nepal,2011,19.38559,3.74054,12.9,30.60707,2.38688,1,2.38688
Nepal,2015,19.54397,5.28475,8.6,30.25422,2.38106,1,2.38106
Nepal,2019,19.31664,7.20706,4.9,29.71221,2.63726,1,2.63726
Netherlands (Kingdom of the),2000,12.45721,12.50631,30.7,29.59326,7.0563,1,7.0563
Netherlands (Kingdom of the),2005,11.18615,13.63178,27.0,31.03423,6.82416,1,6.82416
Netherlands (Kingdom of the),2007,10.72818,13.91443,25.9,30.64287,6.75506,1,6.75506
Netherlands (Kingdom of the),2010,10.39127,14.16014,24.0,29.89562,6.51112,1,6.51112
Netherlands (Kingdom of the),2015,9.67537,14.31153,21.2,26.94872,6.06616,1,6.06616
Netherlands (Kingdom of the),2019,9.08721,14.41507,,24.3933,5.99481,0,5.99481
New Zealand,2000,12.99488,22.19376,28.5,26.07895,6.32692,1,6.32692
New Zealand,2005,11.09599,25.85165,22.7,23.50866,6.53395,1,6.53395
New Zealand,2007,10.83077,27.14093,20.6,22.77876,6.54975,1,6.54975
New Zealand,2010,9.92361,28.91659,18.0,22.20075,6.58621,1,6.58621
New Zealand,2015,9.25043,31.51534,14.2,22.05719,6.21981,1,6.21981
New Zealand,2019,8.52746,33.48826,,22.30247,6.26776,1,6.26776
Nicaragua,2001,14.26006,24.21314,5.5,25.57133,5.36025,1,5.36025
Nicaragua,2019,13.3975,36.84773,2.9,19.98916,5.37411,1,5.37411
Niger,2000,22.36874,2.79646,1.5,37.39006,0.69103,1,0.69103
Niger,2005,22.24064,3.90133,1.2,38.79255,0.6962,1,0.6962
Niger,2007,21.96131,4.32894,1.1,39.07485,0.73618,1,0.73618
Niger,2009,21.56314,4.7207,,39.06138,0.77764,1,0.77764
Niger,2010,21.50308,4.90167,0.9,38.92847,0.81945,1,0.81945
Niger,2015,21.73994,5.8156,0.7,37.63866,0.90706,1,0.90706
Nigeria,2000,21.46435,6.77805,0.8,32.50402,11.8136,1,11.8136
Nigeria,2005,20.62278,8.87507,0.6,32.84706,11.67903,1,11.67903
Nigeria,2007,19.99323,9.66219,0.6,32.85717,11.49694,1,11.49694
Nigeria,2008,19.60955,10.03485,6.8,32.80253,11.36565,1,11.36565
Nigeria,2010,18.98988,10.74306,0.5,32.58357,8.51876,1,8.51876
Nigeria,2012,18.84635,11.43462,0.9,32.25444,7.76041,1,7.76041
Nigeria,2015,18.34464,12.65103,0.5,31.92462,7.94477,1,7.94477
Nigeria,2018,17.83337,14.16696,,31.67054,7.79638,1,7.79638
North Macedonia,2017,18.17186,25.07977,33.3,33.41217,5.11445,1,5.11445
North Macedonia,2019,17.4771,25.73088,,32.76579,5.23742,1,5.23742
Norway,2000,10.97844,11.77363,42.8,33.05923,4.47186,1,4.47186
Norway,2005,9.88114,13.51143,33.0,29.29674,4.77752,1,4.77752
Norway,2007,9.56392,14.129,29.6,27.70982,4.84198,1,4.84198
Norway,2010,9.11528,14.93993,25.2,26.04627,4.80881,1,4.80881
Norway,2015,7.69922,16.08137,19.3,23.99485,4.45294,0,4.45294
Norway,2019,7.36574,16.99309,10.0,22.8845,4.41918,0,4.41918
Oman,2000,30.73803,25.13452,0.5,33.94682,2.63765,1,2.63765
Oman,2005,29.40722,27.96865,0.5,32.38478,3.26235,1,3.26235
Oman,2007,30.41232,29.12613,0.5,31.00597,2.81542,1,2.81542
Oman,2010,29.50988,31.01585,0.4,28.68186,2.43309,1,2.43309
Oman,2015,22.21146,34.65959,0.4,26.81419,2.16237,1,2.16237
Oman,2016,21.47548,35.44683,1.8,26.37821,2.31261,1,2.31261
Oman,2017,20.97433,36.21682,0.1,26.03627,2.36493,1,2.36493
Pakistan,2000,29.64295,8.25051,8.3,33.79041,0.94548,1,0.94548
Pakistan,2005,29.39267,10.89738,6.3,34.07769,1.43713,1,1.43713
Pakistan,2007,28.8822,12.13647,5.7,34.26241,1.74113,1,1.74113
Pakistan,2010,28.26245,14.25254,4.9,34.8051,2.25423,1,2.25423
Pakistan,2013,27.97054,16.74259,3.7,35.42765,2.38375,1,2.38375
Pakistan,2015,27.67552,18.63416,3.8,35.8472,2.68194,1,2.68194
Pakistan,2018,27.08866,21.70954,3.4,36.35612,2.89972,1,2.89972
Panama,2000,11.19124,21.09529,4.7,26.27708,6.53072,1,6.53072
Panama,2005,10.58588,25.39533,3.8,25.88432,6.41289,1,6.41289
Panama,2007,9.52862,27.23054,3.5,25.61771,6.76013,1,6.76013
Panama,2010,9.59348,30.20543,3.1,25.11947,7.21424,1,7.21424
Panama,2015,9.51176,35.59778,2.5,23.79485,7.11628,1,7.11628
Panama,2017,9.4324,37.75885,2.4,23.30898,7.03128,1,7.03128
Panama,2018,8.92634,38.82803,,23.06274,7.03632,1,7.03632
Panama,2019,8.81316,39.89224,0.3,22.81103,7.03632,1,7.03632
Papua New Guinea,2000,26.4408,16.65583,36.4,18.47317,3.7252,1,3.7252
Papua New Guinea,2005,30.38217,18.34596,33.2,18.69705,3.27418,1,3.27418
Papua New Guinea,2007,31.17713,19.01869,32.0,19.14337,3.30183,1,3.30183
Papua New Guinea,2010,31.02304,20.07147,30.4,20.29452,2.50631,1,2.50631
Papua New Guinea,2015,32.0266,22.03635,27.9,22.40387,3.00503,1,3.00503
Papua New Guinea,2016,31.97488,22.46631,13.6,22.8844,3.02208,1,3.02208
Papua New Guinea,2018,31.5528,23.35263,26.0,23.90282,2.94461,1,2.94461
Paraguay,2000,15.5001,19.91585,13.7,41.2303,5.77414,1,5.77414
Paraguay,2005,15.90809,22.90194,10.2,42.80536,5.94115,1,5.94115
Paraguay,2007,15.5805,24.17099,9.0,43.11522,6.47268,1,6.47268
Paraguay,2010,14.82007,26.23828,7.6,43.13969,6.28058,1,6.28058
Paraguay,2011,14.33429,26.9809,1.6,42.94353,6.18993,1,6.18993
Paraguay,2015,13.37318,30.13166,5.7,41.64042,5.44392,1,5.44392
Paraguay,2016,13.66803,30.94717,,41.293,5.44585,1,5.44585
Paraguay,2019,13.2834,33.41166,1.3,40.3511,5.54594,1,5.54594
Peru,2000,12.72464,15.98596,13.8,15.48019,4.88317,1,4.88317
Peru,2005,11.41901,18.17118,9.4,14.41751,4.9637,1,4.9637
Peru,2007,10.14036,19.20152,8.1,13.87401,5.15827,1,5.15827
Peru,2010,11.73258,21.04683,6.5,13.08631,5.86411,1,5.86411
Peru,2015,10.06173,24.92759,4.4,12.53737,5.85293,1,5.85293
Peru,2019,9.61732,28.5446,1.5,12.72791,5.77739,1,5.77739
Philippines,2000,17.36078,4.51713,13.2,24.21302,6.49598,1,6.49598
Philippines,2005,18.09065,5.53144,10.2,24.89236,6.30242,1,6.30242
Philippines,2007,18.38639,5.95734,9.2,25.04483,6.24925,1,6.24925
Philippines,2010,18.37989,6.64113,7.9,25.15707,6.66786,1,6.66786
Philippines,2015,18.79217,7.97756,6.1,25.05049,6.36752,1,6.36752
Philippines,2019,18.84844,9.23478,1.7,25.25151,6.57381,1,6.57381
Poland,2000,16.36589,17.21863,30.6,41.04171,7.01498,1,7.01498
Poland,2005,14.3824,18.49029,27.4,38.29506,7.58115,1,7.58115
Poland,2007,14.22611,19.07931,26.2,37.09117,7.99422,1,7.99422
Poland,2010,13.38248,20.00059,24.7,35.24712,7.79534,1,7.79534
Poland,2015,12.81313,21.53434,22.2,32.2283,7.78791,1,7.78791
Poland,2019,11.51932,22.74598,,30.54127,7.82818,1,7.82818
Portugal,2000,10.92271,16.21124,13.2,34.18107,8.18082,1,8.18082
Portugal,2005,9.5868,17.22247,13.8,29.25327,7.78265,1,7.78265
Portugal,2007,8.70125,17.6933,14.0,26.91135,7.52931,1,7.52931
Portugal,2010,7.94915,18.47498,14.3,23.76482,7.30615,0,7.30615
Portugal,2015,7.32425,19.91987,14.8,19.54235,6.83366,0,6.83366
Portugal,2019,6.96096,21.16631,,17.22784,6.76333,1,6.76333
Qatar,2000,30.0867,34.43068,2.6,27.61742,1.42089,1,1.42089
Qatar,2005,25.93191,38.46384,2.4,25.18009,1.68297,1,1.68297
Qatar,2007,24.5949,39.96704,2.3,24.06515,1.47483,1,1.47483
Qatar,2010,18.89854,42.24278,2.2,22.09845,1.27768,1,1.27768
Qatar,2013,16.09779,44.51874,,20.25186,1.22523,1,1.22523
Qatar,2015,14.5162,46.02462,2.1,19.12287,1.44824,1,1.44824
Qatar,2018,13.43051,48.19598,2.7,18.49792,1.45493,1,1.45493
Republic of Korea,2000,10.63169,2.84493,7.2,20.70487,7.36785,1,7.36785
Republic of Korea,2005,8.50445,3.23418,6.7,16.80594,6.47404,0,6.47404
Republic of Korea,2007,7.53039,3.41819,6.5,15.31782,6.46758,0,6.46758
Republic of Korea,2010,6.41812,3.73296,6.2,13.59491,6.3622,0,6.3622
Republic of Korea,2015,5.10126,4.36641,5.9,11.80619,5.78643,0,5.78643
Republic of Moldova,2000,26.36805,25.96735,4.8,49.86433,7.91651,1,7.91651
Republic of Moldova,2005,25.11108,26.73671,5.1,48.9534,9.51102,1,9.51102
Republic of Moldova,2007,23.41654,26.84608,5.2,48.60544,9.06324,1,9.06324
Republic of Moldova,2010,22.22083,26.74547,5.3,48.2803,8.44561,1,8.44561
Republic of Moldova,2015,18.63906,25.94972,5.5,47.19724,8.25932,1,8.25932
Republic of Moldova,2019,15.72143,24.937,1.4,45.53289,8.215,1,8.215
Romania,2000,19.19277,12.89824,23.7,44.31362,12.59761,1,12.59761
Romania,2005,17.90356,15.85112,22.2,41.5056,12.06952,1,12.06952
Romania,2007,16.65345,17.30925,21.6,40.33159,11.97253,1,11.97253
Romania,2010,15.38579,19.74761,20.6,38.71578,11.43636,1,11.43636
Romania,2015,14.26885,24.19225,19.2,36.09028,10.88238,1,10.88238
Romania,2019,13.64764,27.86622,,33.41,10.89054,1,10.89054
Russian Federation,2000,24.28462,24.35883,10.8,49.12597,11.70917,1,11.70917
Russian Federation,2005,24.15224,25.15955,11.7,46.26774,12.01945,1,12.01945
Russian Federation,2007,21.0675,25.29596,12.0,45.0412,11.91427,1,11.91427
Russian Federation,2010,19.85916,25.30254,12.6,43.29265,11.10971,1,11.10971
Russian Federation,2015,16.7473,24.92553,13.5,40.41316,9.61798,1,9.61798
Rwanda,2000,32.26743,1.56441,5.3,28.18473,2.62927,1,2.62927
Rwanda,2005,23.93147,2.26663,4.6,28.54277,2.51807,1,2.51807
Rwanda,2007,22.35741,2.63574,4.4,28.79072,2.34876,1,2.34876
Rwanda,2008,21.76654,2.84112,6.0,28.85588,2.22568,1,2.22568
Rwanda,2010,20.53953,3.29579,4.1,28.61797,2.18727,1,2.18727
Rwanda,2015,19.17229,4.75541,3.6,26.88875,2.3406,1,2.3406
Saint Lucia,2000,17.35527,25.62216,7.4,28.75033,9.23807,1,9.23807
Saint Lucia,2005,15.7142,30.81177,5.9,27.27469,9.84558,1,9.84558
Saint Lucia,2007,14.56104,32.79637,5.5,27.47336,9.69601,1,9.69601
Saint Lucia,2010,13.65678,35.68231,4.9,27.93086,8.43973,1,8.43973
Saint Lucia,2015,14.08557,40.19481,3.9,28.14266,7.69919,1,7.69919
Saint Lucia,2017,14.69906,41.91138,2.4,28.58352,7.90071,1,7.90071
Saint Lucia,2018,14.71235,42.75094,,28.82189,8.18909,1,8.18909
Saint Lucia,2019,14.63169,43.58355,0.4,29.03974,8.18909,1,8.18909
Saint Vincent and the Grenadines,2014,19.3566,41.49027,0.0,31.27772,6.38518,1,6.38518
Saint Vincent and the Grenadines,2018,18.41577,45.01959,2.0,31.82298,6.60413,1,6.60413
Samoa,2000,29.57499,57.62348,22.4,24.71042,6.13711,1,6.13711
Samoa,2005,29.4644,61.68534,19.8,26.30209,5.90122,1,5.90122
Samoa,2007,29.55939,63.20959,18.8,27.31464,5.66024,1,5.66024
Samoa,2010,29.96441,65.44504,17.5,29.14926,4.29735,1,4.29735
Samoa,2013,29.85747,67.59836,0.5,30.51938,3.65077,1,3.65077
Samoa,2015,29.80496,69.00209,15.4,31.49954,3.71323,1,3.71323
Samoa,2017,29.48726,70.37429,1.5,32.86603,3.97891,1,3.97891
Sao Tome and Principe,2000,22.85304,9.56646,2.2,39.44773,6.57336,1,6.57336
Sao Tome and Principe,2005,21.68232,12.8075,1.7,40.95058,6.80655,1,6.80655
Sao Tome and Principe,2007,22.33817,14.05314,1.5,40.55088,6.16396,1,6.16396
Sao Tome and Principe,2010,21.50429,15.74114,1.4,39.85003,5.67871,1,5.67871
Sao Tome and Principe,2015,20.76881,18.44943,1.1,39.38154,5.58699,1,5.58699
Sao Tome and Principe,2019,20.36699,21.07969,3.3,39.18804,4.88304,1,4.88304
Saudi Arabia,2000,24.30647,35.08886,3.4,26.12268,,1,
Saudi Arabia,2005,23.7731,38.51015,3.0,24.02287,,1,
Saudi Arabia,2007,23.88376,39.60216,2.8,22.83588,,1,
Saudi Arabia,2010,23.0119,41.13748,2.6,21.23272,,1,
Saudi Arabia,2015,20.07253,43.60332,2.3,19.18057,,1,
Saudi Arabia,2019,18.43824,45.41605,0.5,18.20534,,1,
Senegal,2000,21.71591,7.57486,1.1,36.18164,2.30743,1,2.30743
Senegal,2005,21.54989,9.82003,1.0,36.76845,2.29163,1,2.29163
Senegal,2007,20.91738,10.57883,0.9,36.84551,2.30909,1,2.30909
Senegal,2010,20.55672,11.49446,0.8,36.60234,2.00691,1,2.00691
Senegal,2015,20.57913,12.84448,0.7,35.63388,1.80214,1,1.80214
Senegal,2017,20.2462,13.51385,0.1,35.23422,1.93462,1,1.93462
Serbia,2010,18.24324,17.22048,35.7,40.59109,4.30309,1,4.30309
Serbia,2015,15.99112,18.05252,35.0,37.37769,3.34074,1,3.34074
Serbia,2019,15.8548,18.72387,,34.84889,3.35136,1,3.35136
Seychelles,2000,17.36919,27.95545,9.1,36.43574,6.9337,1,6.9337
Seychelles,2005,16.95983,31.1877,8.1,33.92373,7.24687,1,7.24687
Seychelles,2007,16.67301,32.3197,7.7,33.6497,7.37951,1,7.37951
Seychelles,2010,15.18818,33.80184,7.2,33.08477,6.8204,1,6.8204
Seychelles,2013,15.21194,35.13434,0.4,31.55771,8.18624,1,8.18624
Seychelles,2015,15.26592,36.05495,6.5,30.47754,9.21522,1,9.21522
Sierra Leone,2000,21.9943,5.651,9.3,38.48061,0.53373,1,0.53373
Sierra Leone,2005,23.92582,7.47452,7.4,39.34932,0.57004,1,0.57004
Sierra Leone,2007,25.43077,8.08585,6.8,39.45017,0.66142,1,0.66142
Sierra Leone,2010,26.51184,8.76515,6.0,39.05544,0.84625,1,0.84625
Sierra Leone,2015,24.62839,9.63175,4.8,37.35302,0.82639,1,0.82639
Sierra Leone,2017,24.98662,10.0779,5.4,36.58879,0.68692,1,0.68692
Sierra Leone,2019,24.85576,10.58401,1.1,35.79215,0.71766,1,0.71766
Singapore,2000,12.76339,5.73723,5.5,26.84807,1.91284,1,1.91284
Singapore,2005,9.49677,6.32081,5.1,25.22922,1.36018,1,1.36018
Singapore,2007,8.87106,6.70678,5.0,24.18743,1.41631,0,1.41631
Singapore,2010,7.70217,7.40772,4.8,22.44296,1.53579,0,1.53579
Singapore,2015,7.08122,8.83515,4.5,19.88795,1.50547,0,1.50547
Singapore,2016,6.9461,9.16488,,19.52802,1.48454,0,1.48454
Slovakia,2000,16.47339,15.03333,19.8,36.81216,7.85396,1,7.85396
Slovakia,2005,14.774,16.39285,20.8,33.35468,7.47488,1,7.47488
Slovakia,2007,14.48907,17.05556,21.4,32.00805,7.59207,1,7.59207
Slovakia,2010,13.18178,18.16772,22.0,30.20948,7.28832,1,7.28832
Slovakia,2015,11.54306,20.16141,23.3,27.57954,7.05402,1,7.05402
Slovakia,2019,10.38811,21.78517,,26.15537,7.11202,1,7.11202
Slovenia,2000,11.98301,13.29841,21.5,42.30427,8.33091,1,8.33091
Slovenia,2005,10.6801,13.66378,20.2,40.10441,8.07911,1,8.07911
Slovenia,2007,9.65839,13.71255,19.6,39.2785,8.14499,1,8.14499
Slovenia,2010,8.85029,13.7542,18.9,38.06371,7.58978,1,7.58978
Slovenia,2015,9.03271,13.72037,17.6,35.93782,7.77439,1,7.77439
Slovenia,2019,7.97978,13.66837,0.2,34.65094,7.36502,1,7.36502
Solomon Islands,2000,27.33274,19.23802,27.0,21.14514,1.47243,1,1.47243
Solomon Islands,2005,27.44226,20.93719,25.0,21.10488,1.99335,1,1.99335
Solomon Islands,2007,32.31908,21.62584,24.1,21.48338,1.99268,1,1.99268
Solomon Islands,2010,34.65047,22.69191,23.2,22.41842,2.11266,1,2.11266
Solomon Islands,2011,34.97628,23.06277,,22.9414,1.92215,1,1.92215
Solomon Islands,2015,34.76758,24.66355,2.9,25.42838,2.03005,1,2.03005
Somalia,2007,27.13982,12.3616,,34.07813,,1,
South Africa,2000,27.64012,32.02137,11.2,34.16534,14.71045,1,14.71045
South Africa,2005,27.91721,35.83166,9.8,36.14198,14.28045,1,14.28045
South Africa,2007,27.72233,37.28059,9.3,36.5863,14.11866,1,14.11866
South Africa,2010,26.8967,39.18319,8.6,36.09826,13.68887,1,13.68887
South Africa,2011,25.7665,39.74963,6.9,35.63228,13.70114,1,13.70114
South Africa,2015,24.68335,41.88872,7.6,32.98672,13.36077,1,13.36077
Spain,2000,8.211,18.25484,24.6,31.78839,7.47518,1,7.47518
Spain,2005,7.41075,18.29523,24.5,27.58336,7.50096,1,7.50096
Spain,2007,7.11288,17.9941,24.5,25.56401,7.09311,1,7.09311
Spain,2010,6.7479,17.20145,24.2,22.58978,6.07662,0,6.07662
Spain,2015,6.57287,15.26258,23.4,19.16626,6.32293,0,6.32293
Sri Lanka,2000,14.17679,3.50031,1.7,27.93581,2.69368,1,2.69368
Sri Lanka,2005,14.54954,4.97104,1.0,28.45665,2.88153,1,2.88153
Sri Lanka,2007,12.11344,5.68548,0.8,28.70428,3.24867,1,3.24867
Sri Lanka,2010,12.31811,6.91957,0.6,29.32107,3.51976,1,3.51976
Sri Lanka,2015,10.43164,9.48984,0.3,30.97926,3.79755,1,3.79755
Sri Lanka,2016,10.15496,10.09605,,31.32202,3.84769,1,3.84769
Sudan,2014,21.67689,17.4901,3.2,38.43363,1.13583,1,1.13583
Sudan,2016,21.56806,18.60425,0.2,38.12732,0.01248,1,0.01248
Suriname,2013,16.14828,31.73201,,32.11609,6.66235,1,6.66235
Suriname,2016,16.90575,33.98508,0.6,32.67291,6.46832,1,6.46832
Sweden,2000,10.57063,12.18511,34.9,38.0861,6.11386,1,6.11386
Sweden,2005,9.72775,13.3212,27.2,35.28422,6.06008,1,6.06008
Sweden,2007,9.19132,13.58642,24.6,33.77314,6.13027,1,6.13027
Sweden,2010,8.62117,13.78543,21.3,31.7768,6.30798,1,6.30798
Sweden,2015,7.81399,13.77024,16.6,28.41419,6.07285,1,6.07285
Switzerland,2000,9.00612,9.2153,21.9,24.53272,7.79594,0,7.79594
Switzerland,2005,7.74629,9.48539,21.6,21.33338,7.31182,0,7.31182
Switzerland,2007,7.67596,9.52358,21.3,19.79881,7.24405,0,7.24405
Switzerland,2010,7.26754,9.51947,21.3,17.83509,7.03953,0,7.03953
Switzerland,2015,6.72559,9.47068,21.0,15.10007,6.62717,0,6.62717
Syrian Arab Republic,2003,20.44415,32.00338,,34.8411,34.63056,1,34.63056
Syrian Arab Republic,2010,17.86864,35.52018,,30.7777,24.14768,1,24.14768
Tajikistan,2017,26.1344,23.97372,0.0,34.57512,3.43516,1,3.43516
Tajikistan,2019,25.052,25.37847,1.9,34.17362,3.3473,1,3.3473
Thailand,2000,16.79254,8.17548,3.1,18.78714,8.28888,1,8.28888
Thailand,2005,14.37879,9.84398,2.7,19.58655,8.72855,1,8.72855
Thailand,2007,13.40287,10.609,2.6,19.81334,8.19929,1,8.19929
Thailand,2010,12.30936,11.85881,2.4,20.2092,7.42139,1,7.42139
Thailand,2015,10.76016,14.2756,2.1,21.36833,7.83691,1,7.83691
Thailand,2017,10.61272,15.37038,2.7,22.01442,7.65757,1,7.65757
The United Kingdom,2000,12.96418,20.07631,34.4,29.54131,7.8422,1,7.8422
The United Kingdom,2005,11.32476,23.0011,26.7,24.65352,7.86146,1,7.86146
The United Kingdom,2007,10.84599,23.92365,24.2,23.22994,7.60067,1,7.60067
The United Kingdom,2010,9.97316,25.02415,20.9,21.7606,7.06036,1,7.06036
The United Kingdom,2015,9.26318,26.17119,16.2,20.21021,6.77748,1,6.77748
Timor-Leste,2000,20.20858,0.71836,9.4,27.73256,0.79845,1,0.79845
Timor-Leste,2005,19.93193,0.95907,7.9,28.96866,0.46235,1,0.46235
Timor-Leste,2007,17.85744,1.08568,7.4,29.6928,0.08273,1,0.08273
Timor-Leste,2010,19.32343,1.32058,6.7,30.72474,0.43136,1,0.43136
Timor-Leste,2015,17.62858,1.88503,5.7,31.47366,0.69231,1,0.69231
Timor-Leste,2016,18.03656,2.02942,0.2,31.62143,0.67426,1,0.67426
Timor-Leste,2019,18.40546,2.5327,14.8,32.12072,0.58942,1,0.58942
Togo,2000,23.61831,4.85444,1.1,31.89022,2.11216,1,2.11216
Togo,2005,24.09456,7.15579,0.9,32.0737,2.35659,1,2.35659
Togo,2007,24.28357,8.13979,0.9,31.96822,2.70603,1,2.70603
Togo,2010,23.63008,9.58855,0.8,31.50093,2.47842,1,2.47842
Togo,2011,23.60476,10.06347,2.2,31.26021,2.38127,1,2.38127
Togo,2015,22.6074,12.18599,0.6,30.34104,2.37095,1,2.37095
Togo,2017,21.61954,13.4885,0.2,29.91,2.08274,1,2.08274
Togo,2019,21.17334,14.94786,0.6,29.49458,1.98462,1,1.98462
Tonga,2000,22.27926,63.58795,13.6,29.52595,2.7551,1,2.7551
Tonga,2005,20.70656,67.08354,14.1,29.58555,3.02138,1,3.02138
Tonga,2007,20.47176,68.52201,14.1,30.50938,2.8785,1,2.8785
Tonga,2010,20.68461,70.82799,14.4,32.34136,2.25086,1,2.25086
Tonga,2015,20.74437,74.8647,14.9,37.14208,0.73665,1,0.73665
Tonga,2017,20.55169,76.45471,,39.00078,0.7869,1,0.7869
Tonga,2019,20.20571,77.96719,16.1,40.9567,0.76617,1,0.76617
Trinidad and Tobago,2011,17.44213,29.68175,0.3,30.96992,5.93321,1,5.93321
Trinidad and Tobago,2017,15.06722,31.71003,3.2,32.12013,5.8228,1,5.8228
Tunisia,2000,15.10806,23.4949,4.2,34.06421,9.2678,1,9.2678
Tunisia,2005,14.12239,26.0858,3.4,32.61447,9.37312,1,9.37312
Tunisia,2006,13.96302,26.53458,2.2,32.13284,9.18595,1,9.18595
Tunisia,2007,13.81736,26.97096,3.1,31.68057,9.13618,1,9.13618
Tunisia,2010,13.43086,28.28095,2.7,30.6335,8.81383,1,8.81383
Tunisia,2015,12.79132,30.61193,2.2,29.18339,10.08104,1,10.08104
Tunisia,2017,12.56268,31.57894,2.0,28.86661,9.97614,1,9.97614
Tunisia,2018,12.49151,32.04024,,28.70812,9.90576,1,9.90576
Turkmenistan,2000,30.08333,13.93911,0.7,31.39325,8.02766,1,8.02766
Turkmenistan,2005,32.89172,16.42659,0.6,31.44751,8.28675,1,8.28675
Turkmenistan,2007,31.5336,17.44428,0.6,31.48372,7.53311,1,7.53311
Turkmenistan,2010,26.83329,18.93044,0.6,31.88369,8.12211,1,8.12211
Turkmenistan,2015,23.26373,21.12055,0.5,32.70119,8.90453,1,8.90453
Turkmenistan,2018,22.0203,22.20664,0.0,32.67385,8.115,1,8.115
Türkiye,2000,15.24987,31.47607,15.0,36.51488,11.99316,1,11.99316
Türkiye,2005,12.7337,34.14422,16.0,32.30489,10.02373,1,10.02373
Türkiye,2007,12.3133,34.94911,16.5,29.83102,9.446,1,9.446
Türkiye,2010,12.38969,36.08782,17.1,26.8238,9.6106,1,9.6106
Türkiye,2015,11.25429,38.08216,18.1,23.82203,8.10143,1,8.10143
Türkiye,2017,11.00757,38.93936,12.1,23.24219,7.73913,1,7.73913
Türkiye,2019,10.7999,39.73158,,22.63547,7.63317,1,7.63317
Uganda,2000,25.26534,3.14199,5.0,29.21689,18.78386,1,18.78386
Uganda,2005,24.19177,4.35978,3.5,29.92628,18.34349,1,18.34349
Uganda,2007,21.76099,4.91817,3.0,30.09214,17.50459,1,17.50459
Uganda,2010,19.699,5.82907,2.4,29.95848,15.90346,1,15.90346
Uganda,2014,18.59101,7.27031,2.9,29.11944,15.43401,1,15.43401
Uganda,2015,18.5175,7.68776,1.8,28.86371,15.34385,1,15.34385
Uganda,2016,18.76122,8.12843,0.8,28.57693,15.01844,1,15.01844
Uganda,2018,18.17322,9.08556,6.0,27.97761,14.4426,1,14.4426
Ukraine,2000,23.89017,23.56028,11.9,50.73823,8.07904,1,8.07904
Ukraine,2005,23.78212,24.75758,11.3,48.3452,7.8948,1,7.8948
Ukraine,2007,22.48394,25.14802,11.0,47.17983,8.61271,1,8.61271
Ukraine,2010,19.89563,25.60619,10.7,45.46204,8.65788,1,8.65788
Ukraine,2015,16.80896,26.08962,9.9,42.63166,7.35705,1,7.35705
Ukraine,2017,15.97852,26.21986,0.0,41.18723,6.69476,1,6.69476
Ukraine,2019,16.03051,26.3195,,39.77049,6.67533,1,6.67533
United Arab Emirates,2000,21.9415,36.27052,3.7,21.51294,6.10193,1,6.10193
United Arab Emirates,2005,19.83238,37.99548,3.3,20.18308,5.77988,1,5.77988
United Arab Emirates,2007,18.83195,38.31565,3.2,19.13241,6.74857,1,6.74857
United Arab Emirates,2010,17.61223,38.64055,2.9,18.25186,8.41332,1,8.41332
United Arab Emirates,2013,16.99325,38.88991,2.6,18.08888,8.36055,1,8.36055
United Arab Emirates,2015,16.49733,39.04881,2.8,18.03056,9.30593,1,9.30593
United Arab Emirates,2016,16.20823,39.13254,,18.17215,9.62184,1,9.62184
United Arab Emirates,2018,15.72143,39.23333,0.1,18.32983,8.97304,1,8.97304
United Republic of Tanzania,2000,20.97341,5.23261,2.5,33.13053,17.5894,1,17.5894
United Republic of Tanzania,2005,18.21048,7.31433,2.1,34.24682,17.71725,1,17.71725
United Republic of Tanzania,2007,18.91387,8.30113,1.9,34.44304,17.83169,1,17.83169
United Republic of Tanzania,2010,18.65125,9.92345,1.7,34.14228,18.13161,1,18.13161
United Republic of Tanzania,2015,17.31453,13.01456,1.4,31.79172,17.93439,1,17.93439
United Republic of Tanzania,2016,17.5084,13.6974,0.9,31.15726,17.56114,1,17.56114
United Republic of Tanzania,2018,16.87102,15.13532,2.3,29.82848,16.77782,1,16.77782
United States of America,2000,14.65468,29.10676,24.5,19.38611,6.59514,1,6.59514
United States of America,2005,13.11309,33.16458,22.4,17.23203,6.68892,1,6.68892
United States of America,2007,12.40893,34.61882,21.5,16.35791,6.74153,1,6.74153
United States of America,2010,11.70349,36.61478,20.3,15.67182,6.68822,1,6.68822
United States of America,2015,11.22535,39.43673,18.2,16.05924,6.71677,1,6.71677
Uruguay,2000,14.07845,19.45766,27.4,35.37374,5.23772,1,5.23772
Uruguay,2005,13.63722,22.29818,24.2,33.7005,4.86729,1,4.86729
Uruguay,2007,13.38082,23.53009,23.0,32.77675,4.88943,1,4.88943
Uruguay,2010,12.40411,25.57787,21.4,31.54508,4.78887,1,4.78887
Uruguay,2015,12.85571,29.52891,18.9,29.85912,4.56667,1,4.56667
Uruguay,2017,12.19279,31.21972,0.0,29.45865,4.21995,1,4.21995
Uruguay,2019,12.66185,32.9424,1.5,29.07739,4.16359,1,4.16359
Uzbekistan,2000,28.48301,14.62403,1.4,26.29136,11.00318,1,11.00318
Uzbekistan,2005,28.89991,18.42366,1.3,26.18764,12.60922,1,12.60922
Uzbekistan,2007,26.23642,20.14142,1.2,26.57343,11.0196,1,11.0196
Uzbekistan,2010,23.56853,22.84192,1.2,27.85587,6.30379,1,6.30379
Uzbekistan,2015,22.2141,27.28675,1.1,30.68075,8.0515,1,8.0515
Uzbekistan,2019,21.16422,30.4521,0.4,32.56825,8.02115,1,8.02115
Vanuatu,2017,33.5099,24.29307,4.6,35.25055,3.15633,1,3.15633
Venezuela (Bolivarian Republic of),2011,13.33934,24.13749,0.9,26.01461,8.04559,1,8.04559
Venezuela (Bolivarian Republic of),2019,12.8868,24.857,5.0,23.80984,3.85733,1,3.85733
Viet Nam,2000,14.76048,0.41051,2.1,20.51413,4.04573,1,4.04573
Viet Nam,2005,14.48251,0.54017,1.8,20.95662,5.36762,1,5.36762
Viet Nam,2007,14.66305,0.62201,1.7,21.20294,6.07376,1,6.07376
Viet Nam,2010,14.59266,0.78528,1.5,21.46773,7.24051,1,7.24051
Viet Nam,2015,14.1944,1.18608,1.3,21.72669,8.09843,1,8.09843
Yemen,2000,27.1942,6.74528,12.6,26.55321,5.0257,1,5.0257
Yemen,2005,25.64848,8.57522,10.7,25.10673,2.93628,1,2.93628
Yemen,2007,25.1328,9.34382,10.0,24.21623,2.7189,1,2.7189
Yemen,2010,24.3874,10.59269,9.1,23.15532,2.32492,1,2.32492
Yemen,2013,24.0891,12.00247,5.9,22.23239,2.15612,1,2.15612
Yemen,2014,23.90067,12.51127,2.6,21.94873,1.86199,1,1.86199
Yemen,2015,23.8326,13.03768,7.8,21.67467,1.55101,1,1.55101
Zambia,2000,30.78613,5.3935,3.4,31.12853,5.42989,1,5.42989
Zambia,2005,26.62246,7.17747,2.7,31.6797,5.03826,1,5.03826
Zambia,2007,24.73225,7.99764,2.5,31.50487,4.71163,1,4.71163
Zambia,2010,24.50068,9.31298,2.3,30.60528,4.85292,1,4.85292
Zambia,2011,24.66492,9.78084,,30.1148,4.87239,1,4.87239
Zambia,2015,22.79919,11.85724,2.0,27.6596,5.24032,1,5.24032
Zambia,2018,21.57898,13.66313,1.1,25.54113,5.33856,1,5.33856
Zimbabwe,2000,19.78724,11.3067,2.4,37.98707,7.94147,1,7.94147
Zimbabwe,2005,25.40018,12.86927,1.8,38.99077,7.26581,1,7.26581
Zimbabwe,2007,29.49507,13.59458,1.6,38.86736,6.85199,1,6.85199
Zimbabwe,2010,32.71557,14.77286,1.3,38.17088,8.16958,1,8.16958
Zimbabwe,2011,31.41316,15.19251,0.4,37.71307,8.91169,1,8.91169
Zimbabwe,2014,30.84556,16.55335,4.6,36.32627,9.19426,1,9.19426
Zimbabwe,2015,30.19584,17.04589,0.5,35.89007,8.90667,1,8.90667
